Média das interrupções;124,9;170,6;176,8;88,4;138,5;
Média das leituras normais;122,6;179,4;186,8;95,0;144,4;
min;68,0;57,0;81,0;32,0;90,0;
max;143,0;196,0;200,0;109,0;164,0;
Variancia;23,9;50,4;32,4;27,2;31,6; indicando quão longe em geral os seus valores se encontram do valor esperado.
Desvio padrão;4,9;7,1;5,7;5,2;5,6;"mostra o quanto de variação ou ""dispersão"" existe em relação à média (ou valor esperado). Um baixo desvio padrão indica que os dados tendem a estar próximos da média; um desvio padrão alto indica que os dados estão espalhados por uma gama de valores."
Moda;124;176;188;92;142;
;;;;;;
;Sensor 01;Sensor 02;Sensor 03;Sensor 04;Sensor 05;
;131;176;183;101;154;
;142;186;187;95;147;
;143;185;185;93;147;
;135;176;179;92;151;
;139;179;181;90;146;
;137;181;183;94;152;
;140;179;180;90;147;
;131;176;185;102;156;
;139;182;184;94;150;
;141;182;183;92;147;
;140;178;179;90;145;
;134;182;189;104;158;
;137;179;181;94;154;
;134;172;175;92;152;
;133;182;189;104;156;
;136;180;183;96;154;
;141;182;183;93;146;
;136;178;181;94;153;
;143;190;192;98;148;
;138;177;178;90;148;
;136;183;188;99;150;
;138;187;191;102;153;
;134;181;187;102;152;
;133;173;177;92;151;
;133;178;183;98;156;
;138;177;179;90;147;
;136;175;178;89;144;
;131;174;180;95;154;
;135;176;183;93;146;
;127;171;180;98;150;
;132;174;178;91;150;
;135;176;179;90;144;
;131;176;184;100;152;
;134;174;174;85;130;
;130;177;181;93;137;
;133;176;178;86;137;
;126;171;175;87;128;
;131;155;121;34;119;
;129;158;135;32;108;
;120;160;160;62;100;
;127;173;175;74;104;
;133;181;176;64;100;
;127;168;169;70;105;
;126;178;183;80;106;
;130;187;192;87;108;
;125;175;180;77;101;
;124;183;191;88;109;
;122;180;188;88;113;
;117;170;179;83;111;
;123;174;180;76;103;
;124;178;184;79;107;
;128;183;189;85;106;
;126;172;177;76;96;
;127;170;170;62;90;
;121;169;171;67;103;
;122;167;168;65;103;
;124;161;152;43;101;
;124;158;132;40;133;
;126;151;112;55;150;
;115;118;81;61;148;
;118;99;99;89;162;
;101;62;111;87;153;
;87;57;140;92;154;
;73;82;171;109;164;
;68;112;180;107;161;
;72;139;181;106;163;
;81;150;180;101;159;
;95;160;186;103;153;
;115;174;190;106;161;
;120;179;191;101;153;
;115;175;187;99;152;
;119;172;179;89;137;
;118;169;176;86;133;
;122;183;191;97;140;
;122;182;188;93;139;
;118;175;181;89;137;
;121;183;191;99;144;
;117;181;188;96;146;
;118;182;189;98;148;
;120;182;189;101;149;
;121;183;190;98;148;
;127;193;198;105;150;
;131;191;193;97;142;
;128;184;186;91;138;
;122;188;195;106;152;
;125;186;190;94;143;
;127;185;187;92;140;
;124;182;186;92;140;
;125;187;190;93;141;
;121;186;192;101;149;
;119;178;183;93;143;
;123;187;194;103;148;
;122;186;190;97;145;
;124;185;187;92;141;
;127;186;190;96;143;
;124;185;188;93;142;
;124;186;189;94;143;
;121;182;187;96;146;
;128;182;184;89;137;
;125;186;189;92;141;
;128;188;189;92;139;
;125;187;192;100;144;
;129;188;190;93;139;
;129;189;190;92;138;
;126;190;195;102;148;
;123;179;181;88;138;
;128;186;188;92;138;
;122;187;192;101;150;
;123;183;186;92;142;
;127;183;186;93;139;
;121;184;191;100;149;
;126;187;189;93;140;
;128;186;187;92;139;
;125;186;191;99;145;
;129;190;191;94;140;
;126;187;188;91;140;
;119;180;186;96;147;
;124;182;185;90;138;
;127;188;190;92;139;
;126;186;192;95;140;
;120;178;182;90;141;
;119;182;190;102;150;
;122;185;190;98;148;
;124;188;194;103;149;
;119;180;187;99;148;
;127;190;195;101;146;
;129;189;191;93;139;
;127;186;187;90;138;
;127;183;187;93;139;
;131;192;195;98;143;
;122;186;191;100;149;
;123;181;184;91;140;
;117;177;184;94;145;
;125;185;188;92;140;
;126;186;188;92;141;
;126;182;184;90;137;
;118;180;188;99;148;
;123;188;195;104;151;
;131;191;192;102;146;
;128;185;187;93;139;
;126;184;187;91;138;
;126;186;188;91;140;
;127;187;190;98;148;
;125;184;190;98;142;
;127;190;194;100;144;
;129;188;190;92;139;
;123;182;185;91;140;
;126;180;182;88;137;
;120;184;191;101;150;
;130;193;196;100;143;
;126;187;192;100;144;
;128;185;188;93;138;
;130;190;192;94;139;
;130;192;194;97;142;
;129;185;187;92;138;
;120;181;188;98;148;
;125;190;197;104;148;
;121;182;187;96;147;
;125;180;182;89;137;
;129;190;192;96;140;
;126;186;188;91;139;
;120;182;189;101;152;
;127;184;190;99;145;
;128;192;195;99;143;
;130;189;190;94;139;
;128;185;186;91;137;
;120;179;185;93;144;
;124;190;196;104;149;
;130;190;192;96;141;
;118;177;185;97;148;
;120;182;189;100;150;
;129;189;191;93;139;
;120;182;189;100;150;
;119;181;189;100;147;
;128;192;195;99;143;
;124;188;195;103;148;
;128;185;186;92;138;
;128;187;191;95;140;
;125;186;188;93;141;
;129;190;193;97;141;
;118;177;185;98;148;
;122;182;185;91;142;
;129;188;189;92;139;
;128;189;192;97;141;
;119;180;189;100;148;
;129;188;189;91;138;
;125;190;196;103;146;
;127;187;190;96;141;
;120;180;187;96;147;
;129;193;196;99;143;
;126;185;186;90;139;
;127;182;184;90;137;
;130;189;192;94;139;
;130;191;192;95;140;
;122;180;184;91;143;
;119;180;188;100;150;
;120;186;192;102;150;
;120;182;189;99;149;
;118;176;181;94;145;
;120;182;188;98;148;
;122;185;190;99;148;
;120;183;190;101;149;
;118;177;185;97;148;
;128;188;189;92;139;
;122;183;187;95;146;
;119;177;182;94;145;
;124;182;185;91;140;
;129;188;189;92;139;
;129;187;188;93;139;
;125;184;189;97;142;
;122;186;192;102;149;
;129;188;189;92;139;
;128;185;187;93;138;
;127;183;185;89;140;
;125;185;188;93;142;
;127;185;187;91;138;
;127;181;184;89;135;
;120;182;188;97;148;
;125;185;187;91;141;
;119;181;188;92;143;
;123;186;192;99;143;
;128;188;189;92;139;
;127;185;187;90;138;
;122;182;189;100;146;
;121;185;192;96;146;
;130;189;190;92;138;
;126;182;184;89;138;
;118;179;188;100;149;
;127;187;189;92;139;
;129;187;188;91;138;
;128;184;186;92;137;
;119;182;188;99;148;
;122;184;189;98;148;
;129;186;188;91;137;
;117;176;183;95;146;
;128;186;188;91;138;
;129;187;188;92;139;
;123;179;182;90;141;
;128;184;186;90;137;
;131;192;194;96;140;
;128;186;187;91;138;
;127;182;184;91;137;
;130;191;193;96;140;
;125;185;187;93;142;
;125;180;183;90;138;
;128;183;186;90;137;
;131;191;193;95;140;
;130;190;191;94;139;
;126;184;187;94;140;
;125;183;186;91;140;
;123;189;195;104;150;
;126;189;192;99;144;
;123;185;191;100;144;
;123;184;188;95;145;
;124;189;195;103;148;
;121;182;189;99;145;
;121;185;192;102;149;
;121;184;190;98;148;
;129;189;190;95;139;
;128;184;187;92;138;
;130;189;191;93;140;
;127;186;188;91;139;
;124;179;181;88;138;
;127;184;187;91;138;
;124;190;196;103;148;
;123;188;194;103;148;
;127;183;186;91;137;
;129;191;194;98;142;
;123;188;195;103;150;
;125;181;183;89;138;
;129;187;190;93;138;
;121;186;193;103;151;
;122;182;186;93;144;
;125;180;182;88;136;
;129;188;190;92;138;
;129;189;190;98;142;
;129;185;186;91;138;
;129;187;189;93;138;
;121;185;191;101;150;
;121;184;191;102;150;
;126;184;189;96;141;
;130;190;191;94;139;
;128;187;188;91;138;
;127;182;184;89;137;
;122;179;184;91;141;
;122;185;191;100;149;
;129;186;188;92;139;
;120;175;180;89;142;
;126;190;195;100;144;
;131;190;191;93;144;
;125;186;191;98;144;
;128;187;190;95;140;
;123;188;194;103;149;
;122;182;187;94;145;
;123;177;180;87;136;
;130;189;191;93;138;
;129;187;188;91;138;
;123;185;190;99;143;
;119;178;185;95;146;
;130;191;194;96;140;
;120;181;188;98;149;
;120;179;188;102;150;
;120;182;189;100;149;
;127;191;195;100;144;
;128;185;187;92;137;
;118;177;185;96;147;
;128;191;195;100;143;
;126;183;185;90;139;
;118;177;186;99;146;
;124;182;185;90;139;
;122;186;193;103;149;
;128;184;186;92;138;
;118;179;188;100;148;
;120;184;191;101;149;
;121;185;192;102;148;
;125;179;187;96;141;
;127;190;194;98;142;
;121;184;191;102;150;
;128;185;187;93;139;
;118;180;188;100;144;
;130;189;190;93;138;
;126;183;186;90;139;
;126;181;184;90;137;
;126;183;186;90;138;
;127;186;188;92;139;
;125;180;183;89;138;
;118;179;188;101;149;
;127;186;188;91;137;
;128;188;191;94;140;
;126;180;183;89;136;
;128;188;191;95;140;
;126;184;186;90;139;
;119;178;186;98;148;
;127;183;186;91;137;
;129;191;194;99;143;
;127;189;192;98;142;
;126;181;184;91;137;
;120;184;192;102;147;
;120;182;189;99;149;
;128;185;187;92;137;
;118;179;189;100;147;
;128;191;194;97;141;
;125;188;190;94;139;
;118;178;186;99;147;
;120;179;185;93;144;
;121;182;188;96;147;
;127;183;185;90;138;
;126;181;183;89;136;
;122;182;187;94;144;
;130;187;189;93;139;
;119;175;180;89;142;
;121;184;192;102;147;
;129;190;192;95;140;
;128;184;186;90;138;
;116;174;182;95;147;
;123;182;186;92;143;
;121;183;190;100;149;
;126;179;181;88;135;
;124;180;184;89;137;
;126;184;187;91;139;
;126;182;184;89;138;
;120;181;189;99;145;
;125;189;196;103;147;
;129;188;189;92;139;
;121;177;181;91;142;
;121;184;192;102;148;
;130;189;190;99;142;
;120;180;186;95;146;
;118;176;183;96;147;
;121;185;192;103;150;
;130;191;193;96;141;
;126;180;182;88;137;
;122;181;185;91;142;
;129;188;189;92;140;
;121;180;186;96;147;
;126;181;184;89;136;
;131;192;195;98;142;
;129;188;190;93;139;
;126;185;189;96;141;
;128;186;188;91;137;
;122;184;188;96;146;
;123;186;192;101;147;
;128;182;185;90;137;
;130;189;190;92;139;
;121;183;189;99;149;
;129;183;185;91;137;
;130;188;189;92;138;
;122;185;189;98;149;
;129;187;188;92;138;
;126;185;189;94;139;
;122;183;188;97;148;
;124;189;195;102;146;
;126;185;188;95;140;
;120;183;191;101;149;
;124;189;195;103;150;
;129;186;188;92;138;
;122;184;192;100;145;
;130;189;190;93;139;
;129;191;194;99;143;
;117;175;182;95;147;
;123;182;186;92;144;
;125;190;196;102;148;
;124;180;183;91;138;
;121;178;187;99;149;
;121;185;191;100;150;
;126;184;186;91;140;
;118;177;186;100;148;
;122;187;194;103;148;
;121;183;188;97;148;
;126;181;183;89;138;
;124;181;184;90;141;
;131;190;191;93;139;
;130;188;189;92;138;
;122;182;189;98;143;
;130;192;194;96;140;
;128;191;195;99;144;
;123;184;191;100;145;
;126;188;192;97;141;
;131;190;191;94;139;
;129;185;186;90;140;
;127;184;187;95;140;
;122;187;194;103;148;
;122;183;189;98;149;
;120;181;189;101;148;
;124;181;185;91;142;
;124;189;195;102;147;
;120;181;187;99;150;
;120;176;182;92;145;
;126;185;188;92;142;
;120;183;189;99;149;
;127;181;183;89;137;
;120;182;190;101;150;
;126;191;196;102;146;
;120;179;185;95;148;
;118;179;188;100;148;
;128;186;189;92;140;
;124;188;194;102;147;
;122;176;180;88;139;
;129;188;190;93;139;
;127;186;188;92;140;
;126;186;191;98;143;
;125;185;187;91;137;
;124;183;188;97;147;
;125;183;185;90;141;
;124;183;187;95;141;
;129;187;190;93;138;
;126;185;187;92;141;
;129;186;187;91;137;
;122;176;181;89;140;
;130;189;190;92;138;
;122;187;193;102;146;
;124;177;180;87;136;
;129;186;188;91;138;
;127;191;195;101;144;
;125;180;183;89;139;
;127;182;185;90;137;
;125;184;187;92;140;
;128;190;193;99;144;
;123;182;188;96;142;
;128;185;188;91;138;
;122;183;188;96;146;
;124;180;182;89;140;
;125;179;182;88;137;
;125;184;187;91;141;
;130;189;191;94;139;
;117;177;185;99;148;
;119;180;185;92;143;
;129;187;189;91;138;
;119;179;185;96;148;
;122;177;181;88;138;
;120;183;190;100;149;
;121;181;187;97;147;
;125;184;189;97;142;
;128;186;189;93;138;
;124;184;187;94;145;
;126;182;184;90;139;
;124;184;190;97;142;
;127;185;188;92;140;
;125;183;186;90;139;
;123;177;181;88;139;
;123;181;185;92;143;
;123;184;188;96;147;
;129;184;186;90;138;
;122;177;182;90;141;
;122;187;194;103;149;
;127;185;187;91;140;
;127;181;183;88;136;
;129;186;188;92;138;
;125;190;195;103;148;
;123;180;183;90;142;
;126;180;183;88;136;
;129;192;195;98;141;
;130;188;189;92;139;
;124;183;188;96;142;
;126;183;187;91;139;
;130;191;193;96;140;
;125;181;184;90;140;
;118;177;184;95;147;
;130;188;190;92;138;
;126;183;186;91;141;
;123;183;189;99;144;
;129;187;189;92;138;
;132;192;196;101;145;
;120;180;186;98;149;
;123;179;183;90;140;
;130;191;193;96;140;
;122;182;187;97;147;
;119;175;181;92;145;
;124;183;187;93;144;
;126;185;188;92;142;
;120;180;187;98;148;
;125;186;192;99;143;
;123;184;189;95;147;
;127;190;194;99;143;
;119;179;187;100;147;
;128;191;195;99;143;
;128;192;195;99;143;
;121;183;190;100;146;
;121;179;185;94;146;
;123;184;189;96;146;
;130;189;191;94;140;
;120;180;189;100;147;
;124;184;188;94;145;
;122;187;194;103;148;
;119;180;188;101;149;
;121;182;188;98;149;
;129;187;189;92;140;
;128;184;186;90;137;
;128;185;188;92;138;
;132;191;193;94;140;
;131;189;189;92;139;
;127;182;185;90;137;
;125;190;196;102;145;
;128;187;189;92;140;
;123;185;192;100;144;
;120;181;188;99;149;
;126;190;191;93;139;
;121;183;191;102;150;
;119;179;188;99;149;
;130;189;191;93;140;
;128;185;187;91;140;
;118;177;186;99;148;
;130;191;193;96;141;
;128;187;188;92;142;
;120;178;183;93;145;
;122;185;193;102;148;
;129;188;190;92;139;
;129;188;191;96;142;
;119;181;189;101;151;
;127;193;197;102;146;
;123;182;187;95;146;
;123;177;181;88;139;
;127;186;189;92;141;
;122;183;188;98;149;
;122;177;181;90;142;
;128;186;188;92;140;
;123;188;195;104;151;
;122;178;183;93;144;
;121;181;189;99;150;
;122;186;193;103;151;
;124;181;185;91;142;
;125;180;184;90;140;
;131;193;195;98;142;
;123;186;193;103;150;
;123;177;181;88;140;
;127;186;190;95;143;
;124;189;195;103;148;
;120;181;189;101;148;
;124;183;187;92;143;
;127;186;188;92;142;
;128;183;185;89;138;
;129;187;189;93;139;
;128;187;189;92;140;
;130;187;189;92;139;
;129;185;188;91;137;
;131;191;192;94;140;
;121;183;189;100;150;
;127;181;183;88;136;
;130;189;191;94;139;
;126;190;196;103;148;
;119;177;185;97;147;
;131;189;191;93;139;
;130;193;195;99;143;
;121;180;185;96;147;
;123;179;184;91;142;
;132;191;192;100;144;
;129;191;193;97;141;
;124;178;181;88;139;
;124;184;188;94;145;
;129;187;189;92;140;
;119;178;187;99;149;
;126;184;188;92;140;
;130;193;195;98;143;
;121;179;184;93;145;
;122;180;185;93;144;
;132;192;193;95;140;
;121;182;189;99;149;
;123;183;190;99;144;
;133;196;200;103;153;
;122;184;190;100;150;
;121;181;189;100;147;
;128;186;189;92;140;
;127;187;189;93;143;
;129;188;191;102;149;
;124;181;185;91;142;
;124;185;190;96;146;
;121;184;191;103;150;
;127;181;185;90;138;
;122;184;190;99;149;
;126;190;196;103;149;
;128;182;184;90;138;
;130;191;193;96;141;
;127;186;188;92;141;
;123;179;183;92;144;
;122;186;194;103;148;
;124;190;197;104;150;
;128;190;194;99;144;
;126;180;183;88;138;
;132;192;193;96;141;
;131;189;191;94;140;
;128;184;186;91;138;
;128;186;189;92;140;
;123;187;194;103;152;
;121;180;186;97;148;
;124;181;185;91;139;
;132;192;198;103;147;
;130;188;190;93;140;
;128;185;190;95;141;
;127;186;189;93;142;
;127;186;188;92;141;
;124;180;183;89;140;
;133;192;194;97;143;
;123;189;196;105;151;
;120;181;189;100;150;
;120;180;189;100;150;
;130;194;198;101;145;
;123;183;188;96;147;
;123;177;181;89;140;
;124;185;189;94;145;
;133;190;190;92;139;
;121;179;184;95;148;
;128;185;187;90;139;
;123;186;192;101;150;
;123;182;186;94;146;
;126;181;184;90;140;
;130;192;195;97;142;
;131;189;189;92;139;
;123;178;181;89;141;
;131;190;192;95;140;
;123;188;195;103;150;
;124;181;184;91;142;
;120;183;192;102;150;
;130;189;190;92;139;
;123;188;194;102;149;
;128;182;184;89;137;
;123;189;196;104;150;
;125;185;187;92;143;
;122;178;181;89;141;
;131;188;189;92;138;
;131;193;195;98;142;
;129;185;187;90;138;
;120;182;190;101;148;
;130;193;196;99;143;
;130;187;189;91;139;
;119;179;186;99;149;
;126;184;187;92;139;
;131;192;194;97;141;
;122;180;184;93;145;
;126;186;191;98;143;
;123;185;190;97;147;
;131;191;192;94;140;
;128;185;189;95;141;
;123;182;187;95;146;
;124;188;195;103;149;
;130;187;188;92;139;
;124;180;184;90;139;
;126;185;189;93;143;
;131;188;189;92;142;
;120;180;188;100;149;
;130;188;190;93;139;
;130;189;191;93;138;
;130;187;188;92;138;
;124;185;191;98;144;
;122;186;193;103;151;
;126;184;187;92;143;
;122;183;190;101;147;
;123;181;186;92;143;
;122;187;194;103;151;
;125;182;185;91;142;
;119;176;183;94;146;
;131;193;196;99;142;
;122;185;190;99;150;
;121;180;187;99;149;
;121;184;192;103;149;
;131;191;193;94;140;
;130;187;188;91;139;
;125;179;182;88;138;
;121;184;193;103;151;
;124;184;188;94;146;
;129;185;187;90;138;
;128;182;185;90;138;
;123;187;194;103;150;
;123;183;187;94;146;
;129;186;188;94;139;
;127;188;193;98;143;
;130;192;195;98;142;
;125;183;190;100;150;
;128;182;185;91;138;
;124;188;195;102;147;
;123;187;194;103;151;
;122;184;191;101;147;
;120;182;191;101;148;
;128;192;197;101;145;
;128;186;188;91;139;
;120;176;180;90;142;
;129;189;192;96;140;
;125;185;188;93;143;
;128;184;186;89;139;
;125;179;183;89;138;
;121;186;194;103;151;
;123;184;189;96;148;
;120;179;186;98;149;
;119;178;185;96;148;
;122;184;190;98;149;
;122;186;193;103;149;
;122;176;181;90;141;
;130;188;190;93;139;
;132;191;192;94;140;
;120;182;190;101;150;
;125;185;190;97;142;
;123;188;196;103;149;
;131;189;191;93;140;
;129;184;186;91;138;
;123;180;184;91;141;
;131;190;192;93;143;
;130;187;189;92;139;
;128;185;187;93;139;
;128;185;188;91;139;
;130;188;190;92;140;
;128;190;193;98;143;
;128;183;186;92;138;
;128;186;188;91;139;
;123;188;195;104;149;
;122;179;184;93;145;
;122;184;192;101;146;
;127;191;197;103;147;
;122;182;188;97;148;
;120;176;182;93;146;
;129;185;188;92;139;
;123;186;192;99;150;
;122;184;191;101;150;
;125;178;182;89;138;
;127;185;188;91;140;
;132;191;192;94;140;
;127;182;184;89;139;
;126;186;191;96;142;
;125;191;197;104;148;
;131;189;190;93;140;
;129;183;184;89;137;
;120;181;189;100;150;
;131;190;191;93;140;
;130;188;189;93;140;
;126;184;189;96;142;
;130;188;191;96;142;
;130;188;190;92;139;
;128;183;185;90;139;
;124;180;184;90;140;
;122;187;194;103;151;
;126;184;187;92;142;
;129;186;188;93;140;
;123;181;185;92;142;
;131;192;194;96;141;
;129;191;194;98;143;
;127;179;182;89;138;
;122;182;188;97;149;
;127;186;189;93;141;
;128;184;186;90;139;
;119;181;189;101;149;
;124;189;196;104;149;
;124;184;188;95;147;
;126;187;192;100;146;
;124;181;185;91;142;
;132;192;194;96;141;
;126;184;187;93;144;
;121;177;182;92;145;
;130;187;190;93;140;
;124;189;195;104;151;
;128;184;186;90;140;
;123;177;182;90;143;
;122;184;190;98;149;
;132;191;197;103;148;
;122;179;183;92;144;
;127;182;185;90;139;
;130;189;190;92;139;
;123;182;188;98;150;
;128;184;187;93;139;
;122;185;193;103;150;
;127;186;188;92;141;
;129;186;187;91;139;
;118;178;187;100;150;
;123;183;188;97;148;
;132;190;191;94;140;
;124;186;191;99;145;
;129;188;192;96;141;
;124;184;188;94;145;
;125;188;194;101;147;
;127;180;183;90;137;
;127;190;196;100;144;
;132;191;193;95;140;
;128;188;192;97;143;
;123;178;182;89;140;
;128;186;189;92;140;
;128;186;188;91;139;
;120;181;189;101;149;
;123;186;194;103;148;
;123;188;195;104;151;
;126;184;186;92;143;
;118;176;183;95;148;
;126;184;188;92;142;
;130;188;190;92;139;
;122;183;191;101;148;
;125;180;185;90;140;
;127;191;197;103;146;
;122;183;189;100;150;
;128;184;188;95;140;
;128;190;193;97;142;
;122;186;193;103;151;
;123;185;192;101;146;
;128;186;191;96;141;
;130;188;190;93;140;
;131;190;191;95;140;
;124;177;181;89;138;
;130;189;193;96;141;
;125;185;188;93;143;
;123;180;185;92;144;
;124;177;181;88;139;
;123;187;195;104;150;
;125;184;188;94;145;
;120;179;187;99;150;
;130;187;190;93;139;
;124;189;196;104;150;
;127;190;195;101;146;
;125;178;181;89;138;
;124;183;188;95;145;
;124;185;190;98;149;
;128;183;185;91;139;
;120;178;186;96;149;
;128;186;189;92;141;
;124;183;187;95;147;
;120;176;182;94;147;
;128;190;194;98;142;
;130;189;190;92;141;
;131;189;191;95;141;
;128;182;185;90;138;
;128;186;188;91;140;
;130;192;195;99;143;
;124;185;192;101;146;
;126;183;186;90;138;
;131;189;189;92;139;
;129;190;193;98;144;
;125;178;181;88;139;
;126;184;187;91;141;
;123;186;193;103;151;
;131;187;189;92;139;
;119;178;185;97;149;
;131;191;194;97;141;
;131;191;194;97;142;
;129;183;185;91;138;
;122;186;194;102;148;
;124;189;196;103;149;
;128;189;193;98;144;
;127;181;185;90;138;
;124;184;189;96;146;
;132;190;192;95;141;
;125;185;192;100;146;
;123;180;185;92;142;
;128;186;189;92;140;
;130;188;190;93;140;
;118;177;186;100;150;
;127;191;196;104;146;
;128;186;189;93;141;
;124;185;192;101;147;
;129;186;189;95;139;
;130;192;195;99;143;
;130;186;188;92;139;
;120;175;181;92;145;
;131;189;191;94;140;
;132;189;191;93;139;
;131;187;189;92;139;
;119;177;185;96;148;
;127;191;197;103;151;
;129;191;195;100;144;
;127;180;183;89;137;
;124;181;186;91;142;
;123;185;192;102;151;
;126;182;185;91;141;
;128;182;186;91;138;
;129;187;189;92;140;
;131;188;190;93;139;
;120;177;183;94;146;
;129;189;192;97;142;
;122;185;193;102;152;
;124;181;186;93;144;
;128;182;186;91;138;
;131;188;190;93;139;
;131;192;194;98;142;
;127;181;183;89;138;
;121;178;185;94;147;
;130;188;190;93;140;
;122;182;188;97;148;
;126;178;182;88;137;
;131;188;191;94;140;
;123;185;193;96;147;
;129;184;186;90;137;
;128;185;187;91;138;
;132;192;194;96;141;
;129;186;188;91;138;
;122;182;189;98;144;
;127;184;187;90;139;
;122;184;190;100;150;
;123;179;183;91;143;
;120;181;189;100;149;
;123;187;194;104;151;
;131;189;192;95;140;
;128;180;183;88;136;
;130;187;189;92;139;
;131;190;192;95;140;
;128;182;184;89;137;
;119;177;184;95;146;
;126;190;196;103;147;
;124;181;185;92;144;
;128;181;184;90;137;
;130;187;190;93;139;
;130;188;190;92;139;
;126;181;184;89;139;
;124;179;183;90;141;
;124;184;188;94;144;
;122;182;189;100;150;
;118;175;181;95;147;
;124;181;186;91;142;
;125;189;195;103;149;
;124;180;183;91;143;
;118;177;186;98;149;
;126;185;188;93;142;
;124;182;186;93;145;
;121;180;188;99;147;
;128;184;187;91;139;
;129;188;190;91;139;
;121;180;184;91;142;
;122;177;183;91;142;
;128;186;188;91;141;
;131;189;192;95;141;
;128;184;187;93;139;
;125;188;195;102;146;
;132;190;191;94;140;
;125;180;184;91;141;
;119;178;187;100;149;
;123;187;194;103;151;
;126;183;186;91;141;
;122;175;180;89;142;
;126;188;195;102;146;
;129;192;195;99;142;
;125;186;192;100;144;
;125;184;191;98;143;
;128;186;189;92;140;
;124;182;186;94;146;
;122;176;180;90;142;
;123;186;193;102;148;
;135;193;195;96;140;
;127;188;192;99;145;
;128;183;186;91;138;
;127;185;188;92;141;
;123;187;194;103;149;
;120;180;188;100;147;
;127;189;194;99;143;
;131;188;190;93;139;
;126;181;184;90;140;
;119;180;189;101;149;
;127;191;196;103;148;
;123;185;187;92;140;
;123;176;180;89;141;
;127;184;186;91;139;
;122;186;193;102;146;
;129;184;186;90;138;
;129;185;188;93;139;
;125;189;196;104;148;
;122;182;189;99;143;
;122;176;180;89;140;
;121;185;193;103;149;
;122;184;191;100;150;
;123;179;183;91;137;
;123;184;192;100;146;
;124;183;188;95;146;
;128;185;187;91;139;
;129;183;185;91;137;
;127;189;195;101;145;
;127;184;187;91;141;
;130;186;188;92;139;
;124;184;191;99;144;
;124;183;187;93;139;
;131;186;187;91;139;
;121;177;184;97;148;
;123;186;194;103;149;
;123;186;194;103;150;
;129;184;186;91;138;
;119;179;189;101;149;
;122;184;191;101;150;
;131;187;189;93;139;
;119;178;186;99;148;
;128;184;186;91;139;
;123;183;188;96;148;
;130;186;189;93;140;
;119;176;183;93;145;
;132;190;191;93;139;
;123;182;187;96;148;
;120;175;180;92;145;
;120;180;187;95;147;
;131;189;191;93;140;
;130;185;187;91;139;
;120;179;187;101;149;
;127;185;187;91;141;
;122;184;192;102;151;
;125;178;181;88;139;
;128;188;193;98;143;
;125;184;188;93;144;
;125;181;185;91;142;
;125;184;190;98;143;
;122;185;193;104;152;
;126;184;187;94;146;
;129;182;185;90;138;
;131;188;189;93;139;
;122;185;193;103;152;
;126;182;185;91;142;
;120;180;189;101;148;
;130;193;199;105;149;
;130;192;196;100;144;
;126;185;191;99;144;
;127;182;186;90;139;
;130;188;190;92;139;
;126;182;185;90;140;
;123;176;182;90;142;
;126;184;187;92;142;
;126;184;187;92;142;
;120;179;187;99;149;
;130;187;190;94;139;
;122;184;191;101;151;
;128;184;186;91;139;
;124;176;180;88;138;
;131;189;191;93;139;
;122;182;188;96;148;
;125;184;190;97;142;
;129;188;192;96;141;
;128;191;196;100;144;
;124;180;184;90;141;
;120;173;179;90;143;
;130;189;192;95;139;
;129;185;188;92;139;
;126;179;182;88;138;
;129;185;188;93;139;
;128;185;188;92;140;
;124;180;184;91;141;
;126;177;181;88;137;
;129;185;188;91;138;
;127;183;186;91;140;
;124;177;181;88;138;
;129;184;187;92;139;
;130;190;193;97;141;
;128;182;185;90;138;
;127;178;182;89;136;
;128;183;186;90;138;
;122;185;193;102;149;
;119;176;184;96;148;
;120;180;190;101;149;
;123;182;187;95;146;
;122;181;187;98;148;
;119;178;187;100;148;
;129;189;193;97;142;
;121;184;191;102;151;
;121;179;185;97;149;
;125;179;184;89;139;
;123;184;189;98;149;
;126;189;195;101;146;
;120;180;188;100;147;
;131;188;190;93;139;
;130;187;189;92;140;
;126;187;193;100;145;
;119;179;188;100;149;
;131;188;190;92;139;
;128;191;195;101;145;
;124;177;181;88;139;
;126;188;195;100;145;
;124;183;188;95;146;
;124;186;193;102;147;
;127;185;190;97;142;
;132;190;193;95;140;
;131;188;190;92;139;
;122;177;181;90;142;
;126;181;185;90;139;
;127;190;196;102;146;
;121;181;188;100;150;
;126;184;192;102;147;
;128;184;187;91;140;
;126;184;188;92;142;
;122;182;185;96;148;
;121;177;183;91;141;
;122;185;193;103;150;
;124;182;186;93;144;
;126;182;187;95;141;
;120;181;190;102;150;
;124;186;194;103;149;
;127;182;185;90;138;
;126;179;183;90;137;
;130;189;193;96;141;
;122;181;186;96;147;
;128;180;183;90;137;
;119;178;187;100;149;
;128;185;187;92;140;
;121;178;184;94;145;
;116;172;182;96;148;
;129;186;189;92;138;
;130;190;192;96;141;
;121;175;180;89;142;
;123;184;191;100;145;
;127;184;187;92;141;
;128;183;186;91;140;
;117;175;185;99;149;
;122;184;193;103;149;
;120;183;191;102;150;
;125;178;181;89;138;
;118;177;185;97;148;
;121;183;191;100;149;
;123;184;191;100;145;
;117;174;183;97;147;
;131;187;189;94;140;
;121;181;188;98;148;
;128;181;183;89;136;
;120;180;189;100;147;
;129;185;188;91;137;
;124;185;191;100;145;
;125;176;179;85;133;
;128;185;187;91;136;
;125;184;190;99;142;
;122;178;180;87;133;
;125;179;182;88;132;
;129;183;185;89;133;
;119;178;186;98;144;
;116;169;176;91;141;
;118;178;186;97;143;
;126;180;182;87;134;
;121;173;176;85;135;
;117;174;183;96;144;
;121;177;181;90;141;
;126;179;181;87;134;
;116;170;177;93;143;
;126;185;189;95;138;
;119;177;182;91;141;
;123;175;178;86;135;
;118;172;178;88;139;
;127;182;184;88;134;
;121;176;180;88;138;
;116;171;180;95;143;
;126;181;183;87;133;
;126;181;183;88;135;
;127;179;181;86;133;
;123;175;178;85;133;
;124;179;183;88;136;
;122;180;187;99;147;
;125;174;177;84;131;
;120;176;182;92;141;
;119;178;184;94;144;
;118;173;179;91;142;
;119;172;177;87;136;
;129;186;188;91;135;
;126;185;188;94;137;
;115;170;180;95;144;
;128;183;186;90;134;
;129;186;188;91;135;
;126;177;179;86;132;
;126;178;180;86;132;
;123;178;181;88;133;
;128;182;183;88;133;
;119;176;183;95;139;
;122;183;190;99;142;
;129;183;185;88;133;
;124;175;178;86;134;
;121;174;178;87;137;
;127;186;190;94;136;
;119;176;183;94;144;
;121;176;179;86;132;
;120;180;187;99;145;
;124;185;191;99;142;
;118;173;180;94;144;
;123;181;188;96;139;
;128;187;190;94;136;
;128;182;184;89;134;
;122;171;175;83;132;
;126;180;183;88;134;
;120;180;187;99;146;
;119;172;176;87;138;
;126;184;191;100;147;
;127;182;184;87;134;
;125;183;187;94;137;
;118;169;175;87;138;
;122;184;191;99;142;
;126;185;190;95;139;
;125;176;178;85;132;
;128;183;185;90;133;
;125;180;183;88;134;
;122;179;185;94;137;
;119;176;184;95;140;
;121;176;180;91;141;
;123;181;187;96;140;
;116;169;178;93;142;
;127;179;181;86;132;
;123;177;180;87;135;
;124;181;186;94;137;
;121;173;178;86;135;
;120;181;189;100;144;
;119;175;181;93;143;
;116;171;179;93;143;
;124;178;182;88;135;
;124;185;191;98;141;
;124;175;178;84;133;
;120;174;179;89;139;
;123;184;191;99;142;
;119;176;182;95;144;
;124;173;177;84;131;
;119;179;186;98;145;
;120;176;181;91;141;
;123;173;176;84;133;
;123;182;188;96;139;
;123;178;182;88;137;
;129;185;188;96;139;
;125;176;179;85;132;
;129;185;186;90;133;
;127;181;183;88;133;
;126;176;178;86;132;
;122;176;180;87;137;
;121;181;188;99;145;
;118;172;178;85;133;
;121;174;178;86;136;
;119;177;182;93;142;
;119;175;182;96;145;
;124;173;176;84;131;
;128;182;184;88;133;
;122;182;188;98;143;
;117;171;178;93;143;
;122;176;179;87;136;
;131;189;193;99;141;
;130;182;184;90;135;
;118;175;184;97;143;
;123;182;190;102;145;
;128;185;187;92;136;
;118;170;176;88;140;
;119;174;179;89;140;
;121;178;182;91;141;
;122;181;186;95;139;
;119;171;176;86;137;
;124;184;190;99;141;
;129;183;185;89;134;
;121;177;183;93;137;
;125;178;181;86;133;
;119;178;186;97;145;
;120;179;186;96;140;
;117;171;177;86;137;
;121;182;189;99;143;
;119;174;177;85;135;
;113;167;175;90;140;
;124;177;179;83;130;
;127;182;183;86;131;
;124;175;176;81;129;
;123;179;184;90;133;
;122;177;180;86;134;
;120;174;178;90;138;
;124;174;177;83;129;
;123;177;180;85;132;
;127;181;182;88;135;
;115;170;176;90;140;
;125;177;179;84;129;
;121;177;180;86;136;
;127;180;181;85;130;
;117;175;178;91;142;
;125;179;181;85;131;
;124;183;188;94;137;
;125;177;179;85;130;
;124;177;179;84;130;
;122;176;179;86;135;
;122;180;185;94;138;
;118;174;183;95;140;
;123;184;188;93;136;
;126;182;184;90;134;
;118;168;172;83;134;
;127;181;183;88;132;
;126;185;187;92;134;
;117;174;182;95;141;
;117;175;184;95;139;
;126;185;189;93;135;
;124;177;179;85;132;
;119;175;182;92;136;
;123;177;179;84;132;
;126;179;180;84;131;
;116;171;177;91;141;
;117;172;178;89;139;
;128;183;184;87;131;
;118;176;183;95;142;
;117;168;173;84;135;
;127;182;184;88;132;
;125;183;186;92;135;
;123;178;182;90;134;
;128;180;181;85;130;
;126;185;188;92;135;
;124;176;178;83;130;
;120;176;183;93;136;
;127;185;188;93;135;
;126;178;180;85;133;
;115;169;177;92;141;
;126;179;180;89;132;
;120;176;181;91;140;
;117;173;179;92;141;
;116;174;183;95;141;
;127;184;186;90;134;
;118;176;184;96;144;
;117;172;180;94;140;
;123;176;179;85;134;
;119;176;181;91;141;
;116;172;179;92;142;
;125;177;179;84;130;
;119;177;183;93;142;
;118;177;184;96;143;
;121;176;182;91;135;
;119;176;182;92;142;
;128;182;183;87;132;
;117;174;181;94;141;
;123;175;178;85;133;
;119;179;186;97;144;
;125;183;186;91;135;
;124;174;176;83;129;
;121;182;188;96;140;
;119;175;179;88;139;
;120;177;183;93;137;
;118;174;180;91;141;
;120;182;189;98;142;
;127;180;182;86;131;
;116;172;181;95;142;
;128;184;185;89;132;
;127;184;186;91;133;
;122;177;183;92;135;
;124;178;181;86;135;
;128;183;184;88;133;
;122;180;185;94;138;
;117;172;179;91;142;
;125;185;190;95;137;
;127;181;187;95;138;
;115;168;176;90;141;
;126;180;182;87;134;
;120;181;188;98;143;
;119;176;183;95;140;
;117;175;184;97;144;
;126;186;189;94;136;
;125;177;179;86;134;
;128;180;182;88;132;
;119;180;189;99;145;
;123;177;181;88;137;
;115;169;178;93;143;
;127;182;184;88;133;
;118;178;186;98;140;
;125;176;178;85;132;
;126;182;185;90;134;
;119;178;184;95;144;
;119;174;179;91;142;
;126;180;183;89;133;
;125;185;190;96;139;
;124;183;188;95;138;
;115;171;180;95;143;
;122;183;190;98;142;
;127;182;184;87;134;
;123;179;183;96;142;
;126;180;182;87;133;
;128;183;185;89;134;
;121;174;177;86;136;
;126;179;182;87;132;
;129;184;185;89;134;
;118;176;184;96;144;
;125;176;179;91;134;
;129;185;186;90;134;
;128;183;186;91;135;
;122;171;174;83;132;
;128;181;183;87;133;
;123;177;180;87;137;
;117;173;182;95;141;
;119;174;179;87;137;
;118;179;187;98;145;
;127;183;187;93;137;
;119;176;183;95;142;
;125;177;180;86;133;
;128;183;184;87;133;
;119;174;180;92;143;
;124;174;178;85;133;
;125;185;190;96;139;
;125;178;180;86;135;
;114;169;177;92;143;
;126;180;183;87;134;
;125;184;187;92;136;
;118;169;174;86;138;
;126;179;182;87;133;
;125;179;181;87;135;
;116;173;182;96;144;
;127;180;182;87;132;
;123;183;190;98;142;
;127;179;181;87;132;
;125;176;179;85;132;
;116;174;179;88;139;
;114;172;179;91;142;
;126;179;183;88;136;
;120;184;191;100;151;
;124;187;194;102;148;
;125;178;182;88;138;
;127;186;189;92;142;
;130;191;194;97;143;
;118;177;188;101;151;
;121;183;191;101;153;
;130;191;195;98;145;
;122;177;183;92;145;
;129;190;193;96;142;
;126;185;189;93;145;
;126;182;186;91;140;
;128;188;192;94;140;
;125;191;197;103;149;
;123;180;184;91;144;
;117;177;187;100;151;
;130;189;192;94;142;
;126;182;186;91;142;
;120;180;188;98;145;
;120;182;189;98;151;
;130;188;190;94;143;
;123;177;181;89;141;
;127;184;188;91;140;
;122;188;196;104;152;
;119;180;190;102;150;
;119;179;187;97;150;
;123;183;188;94;146;
;120;182;191;101;151;
;126;186;191;96;143;
;122;183;188;95;149;
;122;186;193;101;147;
;119;179;189;100;149;
;121;183;190;99;151;
;130;188;190;93;141;
;126;180;184;91;139;
;123;188;195;101;147;
;127;191;195;99;145;
;126;181;184;90;140;
;124;180;186;92;144;
;130;190;192;95;142;
;126;181;185;90;142;
;126;187;194;100;147;
;123;183;189;94;147;
;125;183;186;91;142;
;119;175;182;92;147;
;122;187;195;98;151;
;122;182;187;95;149;
;121;176;180;89;143;
;127;184;188;92;142;
;123;187;196;103;151;
;123;177;181;89;142;
;128;183;187;91;140;
;130;189;192;94;140;
;129;184;188;92;140;
;125;179;184;89;139;
;129;190;193;96;142;
;122;186;194;102;148;
;126;182;187;93;141;
;126;184;188;92;142;
;125;183;187;92;141;
;124;183;189;96;144;
;120;183;192;103;151;
;120;184;192;102;153;
;123;178;183;89;142;
;126;182;185;90;140;
;125;184;188;92;143;
;121;183;192;103;151;
;127;181;184;89;138;
;135;194;197;102;148;
;127;189;194;99;145;
;126;178;182;88;139;
;124;182;187;91;142;
;121;185;194;104;153;
;128;183;185;90;139;
;121;185;193;103;151;
;129;191;194;96;142;
;123;185;193;102;149;
;124;185;193;100;146;
;124;185;189;94;146;
;125;187;194;100;147;
;119;177;184;95;148;
;125;189;191;93;141;
;130;189;192;94;141;
;118;178;188;100;150;
;130;190;193;94;142;
;129;191;195;98;144;
;128;182;186;91;140;
;130;190;193;94;141;
;124;189;197;104;150;
;125;180;184;90;142;
;125;189;195;101;147;
;125;191;192;101;153;
;121;183;191;102;152;
;129;185;188;91;139;
;122;186;194;103;153;
;124;181;185;91;144;
;128;183;186;90;140;
;126;191;197;103;149;
;130;191;194;98;144;
;118;175;183;94;148;
;132;191;193;96;144;
;122;184;192;102;152;
;122;177;181;89;143;
;128;186;190;93;142;
;131;189;192;94;142;
;120;178;185;96;149;
;130;187;190;93;141;
;130;188;191;94;142;
;126;182;186;91;143;
;120;183;192;103;152;
;126;186;190;93;145;
;124;182;187;93;145;
;123;179;184;91;144;
;130;193;197;99;145;
;128;186;189;93;143;
;128;181;184;89;139;
;128;191;194;96;142;
;129;187;190;92;142;
;127;183;186;90;140;
;122;181;187;95;148;
;126;186;189;92;143;
;125;182;186;91;144;
;119;181;191;102;152;
;122;185;193;102;154;
;123;187;194;102;150;
;120;176;183;93;146;
;123;184;189;95;147;
;128;186;189;92;143;
;127;181;184;89;139;
;128;186;189;93;143;
;132;192;194;96;143;
;127;182;185;91;142;
;124;181;186;91;145;
;123;184;190;96;149;
;124;188;195;100;152;
;121;178;185;93;147;
;128;187;190;92;143;
;124;183;187;94;147;
;120;176;182;93;147;
;123;188;196;105;153;
;124;190;197;103;150;
;125;179;184;90;141;
;120;182;191;101;153;
;122;186;193;102;154;
;125;181;185;91;142;
;125;188;195;101;147;
;123;188;196;105;153;
;123;181;187;94;149;
;120;181;191;102;151;
;123;188;195;103;152;
;131;191;193;95;142;
;119;178;187;100;151;
;129;188;190;92;141;
;123;184;190;98;151;
;127;181;184;89;140;
;128;189;194;98;144;
;122;184;192;101;153;
;122;180;186;96;149;
;120;181;191;102;152;
;121;185;192;102;153;
;120;183;191;102;153;
;121;176;183;92;146;
;125;190;197;104;150;
;124;183;189;96;148;
;125;179;182;89;140;
;122;185;195;104;152;
;126;186;190;93;144;
;120;179;186;96;149;
;123;181;187;92;143;
;123;188;196;105;152;
;126;188;194;101;148;
;124;180;185;91;142;
;126;191;198;102;148;
;121;184;192;102;152;
;126;183;189;95;143;
;121;183;191;101;153;
;126;191;197;103;150;
;118;177;186;99;151;
;123;182;188;95;149;
;128;193;198;102;148;
;128;184;188;92;142;
;122;181;187;95;148;
;130;189;192;94;143;
;128;185;188;91;141;
;123;179;184;91;144;
;129;188;191;94;142;
;129;187;189;92;141;
;121;176;182;92;145;
;130;188;191;92;141;
;131;190;191;93;141;
;119;177;185;96;150;
;122;181;187;94;147;
;128;192;198;101;146;
;120;182;191;101;151;
;121;178;185;93;147;
;122;185;193;102;153;
;120;181;190;101;153;
;125;180;184;90;140;
;131;189;192;94;142;
;122;182;188;95;148;
;117;175;186;99;151;
;122;182;189;96;148;
;127;185;189;92;142;
;127;185;190;96;143;
;129;188;192;95;142;
;122;183;189;96;148;
;128;185;188;92;140;
;123;179;184;91;143;
;123;188;197;104;150;
;128;187;191;95;142;
;118;179;189;100;148;
;129;187;190;93;142;
;130;188;191;94;141;
;119;178;188;99;147;
;124;181;187;92;143;
;120;184;193;104;152;
;118;179;188;100;150;
;128;185;189;92;140;
;120;181;189;98;150;
;120;176;183;93;147;
;118;176;185;96;149;
;130;188;191;94;141;
;120;179;187;98;151;
;117;175;185;98;150;
;126;190;196;101;146;
;123;187;195;102;149;
;124;183;189;97;144;
;124;182;188;94;146;
;125;184;188;92;143;
;127;186;190;95;143;
;122;181;187;94;147;
;121;185;194;104;153;
;130;188;191;95;142;
;120;177;185;94;149;
;121;185;192;101;153;
;129;186;189;93;142;
;127;180;184;92;140;
;128;187;190;93;143;
;123;188;196;105;155;
;123;178;182;90;143;
;127;188;194;99;145;
;122;185;193;103;155;
;126;182;186;91;141;
;122;179;186;93;145;
;127;186;190;93;143;
;123;182;188;95;148;
;127;180;185;91;140;
;123;188;197;105;153;
;128;192;197;102;148;
;128;182;186;91;140;
;128;185;189;92;141;
;132;191;194;96;143;
;129;185;188;91;140;
;128;187;191;95;144;
;131;190;193;95;143;
;125;184;188;93;144;
;123;177;182;90;141;
;126;184;188;92;144;
;122;187;195;105;153;
;129;184;187;92;140;
;124;182;187;92;144;
;122;185;193;101;153;
;130;188;191;95;142;
;125;180;185;90;140;
;122;183;190;96;148;
;123;183;189;95;148;
;127;184;189;94;142;
;130;187;191;94;141;
;131;192;195;97;144;
;126;182;186;90;142;
;127;183;187;91;141;
;129;191;197;100;146;
;121;182;190;101;152;
;118;178;188;101;151;
;122;186;195;104;153;
;122;182;189;96;149;
;120;179;188;100;151;
;130;187;192;95;142;
;131;192;196;98;144;
;124;181;186;92;145;
;126;180;185;90;139;
;129;187;190;92;143;
;130;191;194;98;144;
;119;176;183;94;148;
;128;184;188;91;141;
;131;190;192;94;142;
;129;187;192;96;144;
;121;182;192;102;151;
;127;191;197;103;149;
;121;184;192;102;153;
;122;182;190;99;147;
;124;187;196;104;152;
;130;188;191;93;142;
;129;186;189;94;142;
;119;180;190;101;153;
;122;185;192;100;152;
;124;187;195;103;151;
;125;184;191;98;145;
;127;192;198;103;149;
;128;186;190;93;143;
;118;178;188;101;152;
;129;187;192;94;143;
;128;188;192;94;145;
;121;182;190;102;153;
;119;180;190;101;153;
;129;193;198;102;148;
;124;183;188;94;146;
;126;185;192;98;144;
;129;192;197;100;146;
;127;191;198;103;150;
;119;178;188;101;153;
;124;188;196;103;150;
;123;184;190;97;149;
;125;182;186;92;143;
;128;186;191;96;142;
;126;185;190;93;145;
;126;189;196;102;149;
;128;182;186;93;142;
;131;190;194;95;142;
;122;185;193;103;154;
;129;184;187;91;140;
;121;183;193;102;152;
;128;186;190;92;142;
;124;181;187;93;146;
;121;179;188;98;152;
;130;188;192;94;143;
;131;189;192;94;142;
;127;180;183;89;140;
;123;188;196;103;151;
;128;192;198;103;149;
;130;187;190;94;142;
;129;186;190;94;142;
;122;184;190;97;150;
;126;189;195;102;148;
;121;176;183;92;146;
;123;188;197;104;151;
;122;186;194;104;154;
;128;185;190;96;144;
;126;184;188;92;142;
;122;187;195;105;154;
;123;185;192;102;151;
;126;182;187;92;141;
;123;184;190;96;148;
;130;188;192;95;143;
;125;179;183;89;140;
;122;186;195;104;154;
;126;185;189;93;145;
;124;178;183;90;143;
;124;188;196;104;151;
;126;186;190;94;145;
;129;188;192;97;144;
;127;182;187;92;141;
;125;185;190;95;146;
;126;189;196;102;149;
;128;183;187;93;141;
;127;185;189;92;144;
;126;185;189;93;145;
;127;181;187;93;143;
;124;182;188;93;144;
;129;187;191;94;143;
;130;189;193;97;145;
;122;179;186;94;147;
;131;193;196;99;147;
;124;183;188;94;146;
;127;183;187;94;142;
;123;188;197;104;151;
;128;186;190;93;143;
;129;185;188;93;141;
;129;186;190;93;141;
;128;187;190;92;143;
;130;188;191;95;143;
;123;179;185;91;144;
;131;192;195;97;144;
;123;184;188;97;149;
;122;182;191;101;150;
;124;184;189;94;146;
;124;184;190;95;148;
;128;184;188;92;141;
;121;185;194;104;152;
;125;185;190;95;147;
;127;188;194;100;146;
;127;182;187;91;140;
;127;191;198;102;148;
;123;187;195;105;153;
;119;175;183;94;148;
;127;186;190;93;143;
;131;192;195;97;144;
;126;180;185;90;141;
;130;186;191;94;142;
;129;192;197;102;148;
;131;189;192;97;145;
;120;180;190;102;151;
;122;185;193;102;153;
;130;191;195;104;152;
;128;184;188;95;142;
;130;191;195;99;145;
;121;184;191;101;153;
;124;185;192;101;149;
;129;188;193;96;143;
;132;191;193;94;142;
;123;181;186;94;147;
;128;183;188;93;141;
;123;187;196;104;152;
;126;189;196;103;150;
;120;178;188;100;151;
;129;187;191;93;142;
;132;192;195;98;144;
;127;187;193;100;146;
;128;186;191;95;143;
;131;190;192;94;143;
;126;184;188;93;144;
;128;183;187;93;142;
;126;184;188;92;143;
;122;183;190;99;152;
;128;186;191;96;143;
;126;188;194;100;146;
;132;190;193;95;142;
;130;190;193;97;144;
;121;175;181;89;141;
;130;191;195;97;143;
;131;191;193;96;143;
;128;184;189;94;142;
;129;186;190;93;141;
;130;191;195;98;144;
;130;187;191;95;143;
;125;183;190;97;144;
;127;184;189;92;141;
;130;190;195;103;150;
;118;175;183;94;148;
;129;187;191;94;141;
;124;183;188;92;143;
;121;182;191;102;151;
;125;184;194;106;155;
;129;187;192;97;147;
;120;182;191;101;152;
;127;179;183;89;138;
;128;184;188;92;140;
;129;186;190;93;141;
;122;182;191;102;151;
;127;182;187;92;140;
;127;189;196;102;149;
;129;185;188;92;140;
;118;176;188;101;150;
;129;186;190;93;141;
;129;189;194;97;144;
;126;181;184;89;140;
;127;185;191;97;144;
;128;185;189;93;141;
;123;180;186;93;146;
;118;173;181;92;146;
;121;180;187;94;148;
;119;182;191;101;151;
;124;178;182;87;139;
;119;177;184;93;146;
;130;189;193;95;142;
;118;179;187;98;151;
;127;182;187;92;140;
;125;183;188;92;143;
;121;181;187;95;148;
;123;177;182;88;139;
;124;181;187;91;142;
;121;184;192;101;153;
;127;183;187;91;140;
;117;178;188;99;150;
;121;185;193;101;152;
;121;181;188;98;151;
;127;181;185;90;139;
;127;190;195;97;144;
;121;184;192;100;151;
;118;178;187;100;150;
;127;185;189;91;140;
;125;184;188;92;143;
;120;179;185;94;147;
;122;179;184;90;142;
;126;190;197;102;148;
;130;187;190;93;140;
;127;182;186;92;140;
;127;185;189;91;141;
;122;182;187;93;146;
;120;182;190;100;148;
;120;183;193;103;152;
;130;191;195;98;144;
;126;181;185;89;139;
;128;185;189;93;140;
;120;183;191;100;152;
;122;185;193;101;149;
;119;180;190;99;147;
;125;189;196;102;148;
;121;185;194;103;152;
;128;182;186;91;139;
;120;180;186;93;146;
;122;186;195;103;151;
;125;180;184;89;140;
;119;176;182;90;143;
;127;183;187;90;140;
;119;181;191;102;150;
;124;176;181;87;137;
;124;181;186;91;140;
;125;181;187;91;140;
;117;177;188;99;147;
;120;182;192;100;147;
;117;178;187;98;151;
;122;176;182;88;138;
;113;170;180;91;145;
;123;185;192;98;144;
;123;181;188;96;148;
;118;174;186;101;153;
;121;184;193;101;146;
;117;179;189;98;150;
;119;180;189;99;146;
;119;176;183;89;140;
;127;187;194;96;141;
;118;181;190;101;150;
;115;174;185;99;149;
;127;183;188;90;139;
;122;182;189;97;150;
;116;174;184;97;149;
;117;179;190;100;151;
;128;189;194;97;144;
;127;181;187;90;138;
;116;173;182;94;146;
;120;179;185;92;145;
;128;185;188;92;139;
;124;178;182;89;138;
;118;178;186;95;148;
;120;183;192;102;150;
;122;182;190;98;145;
;124;178;189;94;141;
;118;180;189;98;150;
;121;179;184;91;143;
;121;180;188;98;145;
;122;186;195;102;149;
;128;185;189;92;140;
;118;179;189;100;150;
;127;186;191;94;141;
;127;185;188;90;140;
;120;177;184;92;144;
;120;175;182;88;139;
;125;184;188;91;140;
;121;181;188;97;148;
;126;180;183;89;137;
;119;179;187;96;148;
;127;189;194;98;143;
;127;185;188;93;139;
;122;176;181;87;137;
;130;188;191;93;139;
;123;180;185;90;141;
;115;173;182;96;148;
;125;187;196;105;152;
;120;181;189;97;147;
;123;182;189;96;142;
;117;175;183;92;144;
;128;188;192;95;140;
;123;180;184;89;139;
;116;173;182;94;146;
;127;183;188;90;138;
;129;188;192;94;139;
;124;182;187;94;139;
;124;179;183;87;137;
;125;188;193;98;144;
;120;181;189;99;147;
;124;179;185;90;137;
;123;180;185;89;141;
;121;179;184;90;141;
;121;175;179;88;135;
;118;180;189;99;147;
;122;184;192;100;147;
;126;180;183;88;136;
;126;181;186;91;137;
;126;187;192;96;141;
;119;180;187;96;147;
;117;175;185;97;146;
;127;186;191;96;142;
;120;181;189;96;147;
;123;177;181;86;137;
;116;176;186;97;147;
;129;188;192;95;141;
;128;185;187;90;136;
;125;179;183;90;136;
;125;185;191;97;142;
;129;185;188;91;137;
;120;180;188;98;145;
;121;180;188;96;142;
;121;180;185;91;141;
;119;177;184;93;145;
;121;173;177;84;134;
;127;183;186;88;135;
;122;184;192;101;148;
;120;179;187;97;145;
;124;182;189;96;142;
;121;183;192;100;147;
;128;183;186;89;135;
;118;171;177;86;133;
;121;179;185;90;141;
;120;178;184;92;143;
;124;177;182;87;137;
;125;185;191;96;141;
;120;181;189;97;148;
;121;183;191;101;149;
;126;178;183;88;137;
;126;183;187;90;139;
;129;189;193;96;143;
;126;183;188;94;141;
;121;177;183;90;141;
;126;184;188;91;139;
;123;185;192;103;148;
;120;173;178;85;138;
;120;182;191;101;149;
;128;185;188;91;138;
;125;182;188;95;141;
;123;184;191;98;144;
;120;182;190;99;149;
;123;184;192;99;146;
;122;181;188;97;143;
;120;180;188;95;146;
;120;183;192;101;152;
;128;184;188;93;140;
;121;177;184;91;142;
;122;182;189;95;147;
;130;188;192;96;143;
;117;176;186;99;151;
;121;184;193;102;152;
;121;182;190;98;150;
;128;185;189;93;141;
;127;182;187;92;140;
;120;181;189;98;150;
;123;181;186;91;141;
;121;180;189;99;147;
;128;187;192;98;144;
;121;184;193;103;153;
;124;184;192;101;148;
;116;176;187;99;150;
;128;188;193;96;142;
;126;183;189;93;141;
;123;178;184;91;140;
;125;181;188;95;142;
;125;186;194;101;148;
;125;180;186;92;141;
;121;173;180;87;138;
;123;179;186;91;141;
;119;181;191;102;152;
;124;176;181;88;138;
;119;174;182;89;141;
;119;179;187;96;148;
;118;177;187;99;150;
;117;173;184;98;149;
;119;181;191;101;151;
;120;177;185;92;144;
;117;176;187;100;151;
;124;178;185;91;140;
;125;186;193;99;145;
;124;179;184;91;141;
;124;175;181;88;138;
;120;177;185;92;144;
;129;185;190;95;144;
;127;183;188;95;142;
;125;178;185;92;140;
;122;184;194;102;150;
;125;186;192;99;145;
;116;170;179;91;145;
;124;178;185;91;140;
;129;185;190;95;141;
;127;183;187;92;140;
;123;175;181;89;139;
;126;186;194;100;147;
;128;184;190;94;142;
;125;180;187;95;143;
;123;177;184;90;140;
;123;185;194;102;149;
;124;178;184;90;140;
;117;174;185;99;149;
;124;185;193;100;147;
;127;185;191;96;144;
;120;174;180;89;140;
;121;175;182;89;140;
;125;185;194;102;148;
;125;179;185;90;140;
;118;175;186;100;149;
;128;183;188;93;141;
;126;182;187;92;141;
;123;181;190;100;147;
;115;173;184;97;151;
;128;187;192;97;144;
;120;176;184;92;144;
;125;177;183;91;140;
;119;176;185;93;146;
;119;178;186;95;149;
;123;177;183;90;141;
;125;180;187;94;142;
;124;185;194;101;148;
;119;179;189;100;151;
;116;170;179;91;146;
;120;179;191;102;151;
;122;178;186;92;142;
;118;173;181;90;143;
;113;168;180;94;148;
;122;179;186;92;141;
;120;176;184;91;142;
;119;176;187;100;148;
;125;180;188;95;142;
;125;185;191;97;144;
;121;181;191;101;149;
;113;168;180;93;147;
;126;183;189;95;142;
;122;177;184;90;141;
;114;171;183;98;150;
;122;180;190;98;145;
;124;184;193;99;146;
;125;182;190;97;144;
;121;176;186;96;144;
;116;175;184;92;143;
;117;179;190;102;151;
;116;170;180;91;145;
;116;171;181;91;143;
;116;175;186;96;149;
;122;176;183;89;140;
;122;175;185;95;144;
;124;178;185;91;139;
;124;183;192;100;147;
;120;173;181;89;140;
;124;177;185;92;141;
;126;182;189;94;141;
;125;180;187;94;141;
;114;166;176;89;142;
;123;181;190;97;144;
;117;177;189;102;152;
;124;178;186;94;142;
;117;171;181;94;147;
;127;182;189;96;145;
;121;175;182;89;140;
;113;166;177;91;145;
;116;175;188;100;150;
;125;182;189;94;141;
;116;171;180;92;145;
;113;168;179;93;147;
;121;181;192;101;148;
;124;179;185;91;140;
;115;169;179;92;145;
;120;180;191;101;148;
;117;177;188;99;151;
;124;177;183;91;140;
;122;174;183;91;140;
;115;176;188;100;152;
;116;175;187;99;151;
;117;175;187;100;149;
;123;176;184;91;140;
;122;178;185;91;141;
;126;182;189;95;143;
;117;174;185;97;147;
;120;181;192;101;149;
;127;184;190;96;142;
;123;175;182;90;140;
;117;175;188;100;149;
;119;181;192;103;152;
;124;179;185;91;141;
;118;169;178;88;141;
;116;175;186;98;150;
;127;185;192;98;145;
;122;181;191;100;147;
;123;177;185;92;141;
;125;181;187;91;140;
;128;182;187;92;141;
;124;176;187;96;144;
;116;174;186;98;150;
;127;182;188;93;141;
;117;177;189;101;152;
;113;167;179;93;147;
;118;179;191;103;152;
;124;185;193;102;148;
;125;179;185;92;141;
;114;172;183;96;149;
;122;183;194;103;150;
;117;174;184;95;148;
;111;165;178;94;148;
;116;174;187;99;146;
;116;174;187;100;148;
;120;171;179;89;139;
;111;167;182;98;149;
;114;170;182;94;147;
;114;173;184;97;150;
;120;175;185;95;144;
;118;177;190;101;149;
;118;179;191;103;152;
;121;174;182;90;141;
;112;167;179;94;148;
;121;182;193;103;149;
;126;181;187;92;141;
;115;171;183;98;151;
;121;174;182;89;138;
;118;179;190;102;153;
;125;180;185;91;140;
;124;173;180;88;138;
;118;174;183;93;145;
;117;177;187;100;151;
;125;177;183;90;140;
;113;167;178;91;144;
;126;182;189;94;141;
;119;180;191;102;151;
;114;170;181;97;150;
;118;172;181;90;141;
;124;179;186;92;141;
;120;174;181;89;142;
;123;173;180;89;144;
;126;180;187;92;141;
;125;181;187;93;141;
;121;179;189;101;149;
;123;177;186;94;142;
;118;175;184;92;144;
;126;182;189;96;142;
;114;169;179;92;147;
;116;175;187;100;149;
;119;180;191;102;151;
;126;180;187;94;142;
;121;176;185;96;144;
;118;174;185;91;139;
;123;177;184;91;141;
;121;179;188;100;148;
;114;169;182;96;148;
;121;181;192;102;149;
;116;175;185;96;149;
;123;174;180;88;138;
;122;174;182;90;140;
;126;185;191;97;145;
;118;177;188;100;151;
;117;174;185;99;150;
;125;181;190;96;143;
;127;185;192;97;144;
;116;173;183;94;148;
;123;174;181;90;139;
;121;182;193;102;149;
;127;184;191;97;144;
;123;180;189;100;148;
;123;177;185;94;142;
;117;176;186;96;149;
;126;181;187;93;141;
;116;170;179;90;144;
;115;173;185;98;150;
;119;176;185;94;146;
;127;183;190;97;144;
;119;170;177;87;138;
;124;178;186;92;140;
;124;184;193;102;149;
;120;174;181;89;140;
;123;175;182;91;140;
;123;182;192;100;147;
;120;176;184;92;142;
;118;177;189;101;150;
;120;170;179;87;139;
;125;180;186;92;141;
;125;183;190;98;146;
;118;175;187;100;150;
;116;175;187;101;151;
;124;184;194;101;149;
;127;183;190;96;143;
;116;174;186;100;150;
;115;172;184;96;148;
;117;178;190;101;152;
;123;177;183;90;140;
;114;170;183;98;150;
;125;180;187;92;140;
;118;177;188;100;151;
;117;175;187;100;151;
;122;173;180;88;138;
;123;183;193;102;149;
;119;179;191;103;152;
;120;177;187;99;149;
;122;173;181;88;139;
;126;182;188;95;142;
;124;178;184;90;139;
;121;172;179;87;138;
;119;172;181;89;140;
;123;183;194;101;152;
;126;181;188;95;142;
;121;176;186;96;144;
;125;181;188;93;141;
;118;178;187;96;147;
;127;183;190;97;145;
;120;172;179;87;138;
;124;179;186;92;140;
;127;183;189;94;142;
;125;179;185;91;140;
;115;172;184;97;150;
;123;180;187;92;142;
;125;181;187;92;142;
;124;181;189;98;146;
;124;181;189;97;145;
;124;186;195;104;152;
;128;185;192;98;145;
;119;171;179;89;141;
;117;177;189;102;153;
;128;187;194;99;146;
;119;175;184;92;144;
;117;174;186;100;150;
;120;181;192;103;153;
;122;183;194;103;152;
;118;174;183;93;146;
;125;180;188;96;144;
;121;178;186;92;143;
;125;181;187;92;144;
;125;181;187;95;143;
;117;173;183;93;146;
;126;186;194;100;147;
;120;176;184;92;144;
;116;169;179;92;147;
;117;177;188;101;153;
;123;180;187;92;143;
;117;177;189;101;152;
;119;171;180;88;140;
;127;184;191;96;144;
;118;179;191;102;153;
;118;173;182;91;144;
;117;176;188;101;152;
;125;185;194;103;150;
;125;186;194;102;149;
;116;172;182;95;148;
;122;177;184;91;142;
;128;185;192;96;144;
;118;177;186;97;150;
;122;173;180;88;139;
;125;180;187;91;141;
;127;183;189;93;142;
;121;176;183;91;143;
;125;179;187;95;143;
;120;178;187;94;146;
;121;183;193;104;153;
;117;173;183;95;149;
;125;180;188;94;142;
;126;187;196;102;149;
;120;181;191;103;153;
;117;170;180;92;146;
;119;175;184;92;145;
;127;183;189;94;143;
;125;180;186;92;142;
;122;178;188;98;147;
;123;179;186;92;142;
;128;186;192;97;145;
;118;178;189;102;152;
;116;171;180;91;144;
;127;183;190;94;142;
;132;189;194;100;148;
;117;175;186;99;152;
;117;174;184;93;146;
;126;183;189;93;142;
;121;182;193;103;152;
;122;178;187;97;146;
;126;185;193;100;147;
;128;184;190;94;143;
;127;181;187;93;142;
;124;176;184;91;141;
;119;179;190;100;153;
;127;187;194;99;146;
;118;177;188;102;153;
;124;181;190;99;147;
;120;178;186;93;146;
;128;183;189;94;142;
;119;173;181;90;142;
;127;181;188;94;148;
;121;183;194;104;154;
;119;176;184;93;145;
;124;176;182;90;140;
;117;176;188;99;152;
;129;187;193;98;145;
;125;179;185;91;141;
;124;176;184;91;141;
;128;185;192;98;145;
;118;179;189;99;151;
;117;175;185;97;150;
;116;172;182;94;147;
;128;186;193;99;146;
;124;180;186;91;142;
;125;176;183;90;141;
;118;178;191;102;152;
;128;186;193;98;146;
;118;178;188;99;152;
;123;174;181;90;140;
;120;175;184;91;142;
;123;184;194;104;153;
;119;176;184;93;146;
;121;172;180;89;140;
;123;179;186;91;141;
;120;181;192;102;153;
;125;182;190;98;146;
;117;174;187;100;151;
;128;185;191;95;143;
;118;179;190;101;153;
;127;181;191;101;149;
;116;174;186;98;151;
;118;178;187;93;145;
;123;179;186;92;142;
;118;175;187;100;151;
;124;178;186;92;141;
;121;182;193;103;154;
;127;184;191;98;145;
;115;170;182;97;151;
;123;178;185;91;141;
;122;178;185;91;142;
;117;173;183;93;145;
;119;176;188;99;148;
;118;175;184;93;145;
;124;180;186;92;141;
;122;174;180;88;139;
;124;179;188;97;145;
;125;180;187;92;140;
;123;177;184;91;142;
;121;172;178;88;139;
;117;174;186;99;151;
;118;176;185;94;146;
;124;178;184;91;140;
;114;168;179;92;146;
;118;178;189;100;151;
;126;181;187;93;141;
;126;181;188;96;144;
;116;169;179;88;141;
;120;180;191;103;152;
;119;176;184;91;143;
;124;178;186;97;145;
;124;177;185;92;141;
;119;180;191;102;152;
;118;176;187;99;151;
;116;167;177;88;141;
;126;182;190;97;144;
;120;180;191;103;152;
;116;172;183;96;149;
;119;170;179;89;140;
;118;175;185;93;144;
;120;176;184;92;142;
;119;176;186;99;149;
;117;171;180;89;140;
;127;184;192;99;146;
;117;175;185;97;149;
;115;171;184;92;146;
;118;177;190;102;152;
;127;183;189;95;143;
;123;175;182;89;139;
;122;177;187;97;145;
;121;182;192;103;152;
;126;181;188;94;142;
;120;177;187;99;148;
;124;179;187;94;143;
;120;181;192;103;152;
;124;182;191;101;149;
;116;172;184;99;150;
;123;182;192;101;149;
;127;184;190;96;144;
;125;179;187;95;144;
;123;175;184;93;141;
;118;178;190;102;152;
;122;177;184;90;140;
;125;178;185;94;142;
;119;173;182;90;141;
;125;180;187;92;141;
;117;177;187;100;151;
;124;175;182;92;140;
;120;175;184;91;142;
;127;181;188;93;142;
;124;180;188;98;146;
;117;169;179;89;141;
;127;184;191;96;144;
;124;178;184;90;140;
;120;171;179;88;138;
;118;177;189;101;151;
;118;179;189;101;152;
;118;176;188;101;146;
;113;166;176;90;144;
;126;181;189;95;143;
;117;176;186;98;150;
;116;171;180;91;144;
;114;170;183;97;150;
;119;180;191;103;152;
;126;182;189;96;143;
;116;172;183;98;150;
;117;177;189;100;150;
;119;176;184;92;143;
;117;173;182;93;146;
;117;172;184;99;149;
;119;179;191;102;151;
;121;177;184;91;141;
;125;179;187;95;143;
;118;170;179;88;139;
;117;177;189;101;152;
;127;183;190;97;145;
;124;175;182;90;139;
;123;176;183;91;140;
;126;182;188;93;142;
;117;176;187;100;151;
;120;176;186;98;146;
;125;180;188;94;142;
;119;176;184;91;142;
;120;174;181;90;141;
;121;171;179;89;139;
;124;182;191;101;148;
;127;182;189;95;143;
;120;172;179;88;139;
;122;174;182;90;139;
;117;175;185;94;146;
;126;181;187;93;142;
;124;176;182;90;139;
;118;172;181;88;140;
;119;180;191;103;153;
;118;177;188;99;151;
;122;176;185;96;145;
;123;181;191;100;148;
;126;182;189;94;142;
;125;178;185;92;141;
;113;166;178;92;146;
;118;174;183;91;143;
;124;179;186;92;141;
;117;172;181;90;140;
;123;174;182;92;140;
;120;180;191;103;152;
;119;175;183;90;142;
;115;170;181;94;147;
;115;169;179;89;141;
;125;181;187;93;141;
;117;173;182;92;145;
;124;176;184;93;142;
;115;172;181;90;141;
;119;176;184;92;143;
;117;175;186;98;151;
;117;172;184;98;149;
;116;173;184;95;147;
;117;175;184;93;145;
;124;177;183;90;139;
;124;175;182;91;140;
;117;175;184;92;144;
;118;178;190;102;152;
;119;171;179;88;139;
;124;179;188;96;144;
;119;180;191;103;152;
;126;183;191;98;146;
;120;171;178;87;138;
;117;176;184;91;140;
;117;176;186;97;150;
;118;173;182;93;144;
;116;167;176;87;139;
;119;175;183;90;141;
;127;185;192;100;147;
;116;172;183;95;147;
;114;167;177;89;142;
;117;176;187;97;149;
;122;177;184;91;142;
;120;177;188;100;150;
;115;171;182;95;149;
;118;176;185;93;145;
;125;180;187;93;142;
;116;173;184;98;150;
;117;176;188;101;151;
;123;178;185;91;141;
;119;174;182;91;143;
;114;167;177;90;143;
;119;175;183;91;142;
;125;180;187;93;142;
;126;179;185;93;141;
;121;172;180;89;139;
;118;174;184;92;143;
;117;177;189;100;152;
;120;172;180;88;139;
;120;172;180;88;138;
;118;175;183;91;141;
;127;182;189;95;142;
;122;173;180;88;138;
;122;179;189;97;146;
;118;175;184;92;145;
;123;181;191;100;148;
;123;174;182;92;142;
;122;176;183;90;139;
;126;183;190;96;143;
;125;182;190;99;148;
;123;174;181;90;139;
;115;174;185;95;148;
;119;179;190;102;152;
;116;171;181;92;145;
;121;176;186;98;146;
;125;180;188;93;141;
;120;180;191;103;152;
;124;179;187;97;146;
;115;173;185;99;150;
;119;175;183;91;143;
;124;182;192;101;150;
;120;176;186;98;148;
;123;180;190;99;146;
;125;181;188;93;141;
;124;182;191;100;148;
;122;171;179;88;139;
;123;177;184;91;140;
;116;176;187;99;150;
;119;173;180;88;140;
;123;173;181;91;140;
;118;173;182;91;142;
;117;176;188;100;151;
;123;174;182;90;139;
;119;174;185;97;147;
;125;182;190;98;145;
;124;178;185;91;140;
;122;177;187;98;146;
;113;167;179;91;144;
;115;174;186;97;150;
;122;181;191;101;149;
;117;168;177;87;138;
;114;169;181;92;145;
;126;182;190;96;143;
;123;176;183;89;139;
;123;173;180;89;140;
;121;179;190;100;149;
;127;183;191;97;145;
;125;181;190;98;146;
;122;175;184;95;144;
;124;180;190;99;146;
;122;177;184;90;140;
;121;174;181;89;139;
;118;168;177;86;138;
;125;179;187;93;141;
;125;179;186;92;141;
;118;175;187;100;151;
;117;168;178;87;139;
;126;180;187;93;141;
;124;182;192;101;148;
;122;177;187;97;146;
;123;175;183;91;140;
;127;183;190;96;144;
;119;175;183;92;144;
;118;174;186;100;149;
;122;180;190;99;147;
;124;184;192;101;148;
;118;174;182;91;143;
;124;174;181;91;140;
;120;174;183;90;141;
;124;179;186;92;141;
;125;178;185;92;141;
;113;166;178;91;145;
;116;174;184;94;147;
;126;181;187;93;141;
;123;175;182;90;139;
;116;172;185;99;150;
;123;182;192;101;148;
;123;177;184;91;140;
;115;170;180;93;146;
;118;170;179;88;139;
;120;176;184;91;142;
;124;178;185;91;140;
;121;172;179;87;138;
;116;170;180;90;141;
;117;177;188;100;151;
;118;173;182;92;144;
;121;171;178;88;138;
;116;171;182;91;143;
;122;178;185;91;140;
;120;174;182;90;141;
;122;173;180;89;139;
;117;173;182;91;142;
;118;175;184;92;144;
;123;176;183;90;139;
;122;174;182;92;141;
;125;182;191;99;147;
;118;175;184;94;145;
;120;174;181;88;139;
;123;176;185;94;142;
;116;175;186;98;150;
;126;182;189;95;143;
;119;172;180;88;140;
;115;169;179;90;142;
;118;175;184;93;144;
;126;181;188;94;142;
;124;178;186;94;143;
;122;174;182;89;138;
;126;182;188;94;142;
;125;182;190;98;145;
;124;175;183;92;141;
;117;176;189;102;152;
;118;176;186;95;147;
;116;175;186;98;151;
;123;174;181;90;139;
;116;173;183;93;145;
;122;183;193;104;152;
;118;177;188;101;152;
;121;176;186;98;147;
;117;177;189;101;152;
;128;185;192;98;145;
;124;177;184;90;140;
;118;175;187;101;151;
;127;184;193;99;147;
;121;178;185;92;143;
;125;178;186;92;141;
;123;175;183;91;141;
;126;186;194;101;149;
;126;186;194;101;149;
;126;179;186;94;143;
;125;179;187;94;143;
;119;178;187;95;147;
;122;178;185;92;142;
;124;179;188;96;146;
;118;174;183;91;143;
;122;183;193;103;153;
;127;182;188;94;142;
;118;170;178;88;140;
;120;180;191;102;152;
;119;180;190;100;152;
;120;175;183;90;143;
;124;175;184;93;142;
;120;176;185;92;143;
;128;186;194;99;147;
;117;174;184;96;149;
;125;177;185;94;143;
;121;177;186;92;143;
;128;184;191;96;144;
;122;175;182;89;140;
;116;174;186;100;152;
;118;177;187;96;148;
;126;182;189;94;143;
;124;176;183;91;141;
;120;174;183;90;141;
;127;186;193;99;147;
;118;176;186;97;150;
;124;178;187;96;145;
;120;175;184;91;143;
;128;185;192;97;144;
;127;182;189;95;143;
;123;173;181;89;139;
;123;177;185;92;142;
;125;186;195;105;151;
;125;182;191;100;149;
;117;174;187;100;151;
;127;185;193;100;147;
;125;184;194;102;150;
;116;174;186;99;152;
;116;171;182;92;146;
;122;183;194;104;153;
;128;185;193;99;146;
;116;172;183;97;150;
;117;174;186;96;149;
;126;182;188;93;142;
;119;176;184;92;144;
;124;175;182;91;140;
;126;181;189;95;143;
;129;185;192;97;145;
;118;175;183;92;145;
;123;174;182;91;140;
;123;179;187;92;141;
;123;180;187;91;141;
;120;174;181;89;140;
;116;170;181;93;146;
;127;186;194;100;148;
;119;178;188;98;149;
;118;176;187;100;150;
;126;181;189;96;143;
;119;179;189;100;152;
;125;180;186;92;141;
;118;176;186;99;150;
;116;174;184;95;147;
;128;185;192;97;144;
;123;178;185;91;141;
;121;172;180;88;139;
;124;183;193;102;150;
;128;184;190;96;144;
;124;177;184;91;141;
;125;178;186;95;144;
;127;183;190;95;144;
;119;178;188;96;148;
;122;175;182;90;140;
;124;177;184;91;141;
;127;183;189;94;143;
;122;182;192;103;152;
;116;171;180;93;147;
;119;179;190;102;152;
;122;183;193;104;154;
;118;178;188;100;152;
;125;176;183;92;141;
;117;175;185;95;147;
;119;179;189;99;151;
;122;176;184;91;141;
;120;172;180;88;139;
;121;182;193;103;152;
;119;180;190;101;153;
;126;179;186;93;142;
;126;179;187;95;143;
;128;186;192;98;145;
;129;185;192;98;146;
;126;179;185;92;142;
;123;176;183;90;140;
;125;187;197;107;156;
;119;177;186;96;149;
;116;172;183;97;150;
;121;176;184;91;141;
;124;181;188;93;143;
;125;180;186;92;142;
;120;171;180;93;142;
;116;170;180;89;141;
;127;185;192;98;146;
;119;175;183;92;143;
;117;169;177;88;140;
;117;175;186;95;147;
;122;179;186;92;142;
;120;175;183;91;142;
;122;172;180;89;139;
;127;183;190;96;144;
;128;186;193;98;146;
;127;183;191;99;147;
;124;176;184;91;141;
;121;178;186;92;142;
;128;184;191;96;145;
;123;181;191;101;150;
;120;177;189;100;150;
;121;181;192;103;153;
;122;179;186;92;143;
;122;175;183;91;141;
;122;175;183;90;140;
;118;177;188;98;151;
;126;185;194;102;149;
;119;177;188;101;151;
;116;172;182;92;145;
;128;185;192;97;145;
;126;182;188;94;142;
;118;171;180;90;142;
;126;179;186;94;142;
;127;186;193;99;147;
;122;178;185;92;142;
;124;178;186;95;144;
;118;173;183;91;142;
;126;181;188;93;142;
;132;187;192;99;147;
;122;178;188;100;149;
;117;174;184;94;148;
;119;177;186;93;145;
;124;179;186;91;141;
;114;170;181;95;149;
;126;180;187;93;142;
;125;181;188;93;142;
;125;179;185;91;141;
;122;173;180;89;139;
;117;176;186;97;150;
;119;179;190;101;152;
;128;183;190;96;144;
;115;170;181;95;148;
;117;176;187;98;151;
;129;185;192;97;145;
;123;181;192;103;152;
;121;172;180;89;139;
;126;181;188;95;143;
;126;185;194;102;150;
;127;183;191;98;146;
;116;169;179;91;144;
;122;178;186;92;142;
;128;184;191;96;145;
;119;179;190;102;153;
;118;175;182;91;140;
;117;175;185;94;148;
;128;184;191;96;145;
;126;181;188;95;143;
;124;176;184;94;144;
;126;181;188;94;143;
;118;178;188;98;150;
;123;178;185;92;142;
;121;172;180;89;140;
;127;182;190;95;144;
;128;189;199;109;158;
;131;186;192;99;147;
;120;177;188;101;151;
;118;174;184;92;144;
;127;184;190;95;144;
;126;181;187;93;142;
;121;178;188;99;148;
;117;175;187;98;150;
;127;184;191;96;144;
;119;179;190;102;153;
;116;170;179;89;143;
;127;181;189;96;144;
;122;183;194;104;153;
;122;178;186;92;142;
;123;174;182;90;140;
;120;174;182;90;141;
;119;179;190;101;153;
;125;184;193;101;150;
;124;177;184;91;140;
;116;174;184;96;149;
;126;185;194;102;150;
;127;184;192;99;147;
;115;171;182;96;150;
;126;180;187;94;143;
;119;178;188;97;150;
;124;184;192;98;146;
;121;173;181;90;140;
;122;175;183;91;141;
;127;185;193;100;148;
;121;177;185;92;142;
;116;172;184;98;151;
;119;172;181;90;141;
;121;181;192;104;153;
;125;180;187;93;142;
;123;178;187;98;150;
;121;173;181;89;140;
;126;185;192;100;148;
;128;183;190;96;144;
;125;179;187;95;151;
;116;173;185;98;151;
;121;182;192;103;153;
;120;180;191;102;153;
;122;179;189;100;149;
;125;178;186;93;142;
;128;186;193;99;147;
;125;185;194;102;151;
;116;173;184;97;150;
;118;177;187;100;152;
;128;186;195;102;149;
;124;185;195;104;153;
;125;177;184;92;142;
;118;173;182;91;143;
;119;179;189;98;151;
;120;180;190;101;153;
;126;181;188;96;145;
;119;178;190;102;153;
;124;184;194;104;153;
;129;186;192;98;146;
;124;177;184;92;142;
;115;172;183;94;147;
;128;184;191;96;144;
;129;187;194;100;148;
;125;178;185;92;142;
;125;179;187;94;143;
;124;181;188;93;143;
;127;183;189;94;143;
;117;174;184;95;149;
;125;179;187;96;145;
;119;179;189;99;152;
;121;182;192;103;155;
;124;177;184;91;141;
;116;173;183;94;147;
;128;185;192;97;146;
;122;179;187;93;144;
;119;179;190;102;154;
;119;176;189;101;153;
;128;186;193;99;147;
;127;187;196;104;152;
;125;178;184;91;142;
;125;177;185;92;142;
;128;185;192;97;145;
;121;179;186;92;144;
;128;181;189;96;144;
;123;180;191;101;150;
;127;184;191;96;145;
;126;182;189;93;143;
;119;177;188;101;153;
;121;179;190;102;152;
;125;181;188;93;142;
;127;183;190;95;144;
;118;175;186;99;152;
;126;181;189;96;144;
;127;186;194;101;149;
;128;184;191;96;144;
;122;180;190;102;152;
;124;177;184;91;141;
;125;185;195;103;152;
;128;183;190;95;145;
;125;179;186;94;143;
;118;173;182;90;143;
;125;181;188;93;143;
;126;186;195;103;152;
;118;176;187;99;152;
;118;176;188;101;152;
;128;187;195;101;148;
;119;177;186;95;149;
;125;181;189;98;147;
;124;177;185;92;141;
;119;179;190;100;152;
;118;175;184;93;145;
;117;170;179;90;143;
;125;180;189;98;147;
;117;176;187;97;150;
;123;178;185;91;141;
;123;178;187;98;147;
;116;171;182;93;146;
;120;177;185;92;143;
;121;176;184;92;142;
;123;174;181;90;139;
;125;178;185;92;141;
;124;180;187;93;142;
;127;183;190;96;144;
;119;176;187;101;149;
;121;175;184;91;141;
;121;182;193;104;153;
;128;183;189;96;144;
;121;178;188;100;149;
;118;176;188;100;152;
;128;184;190;95;144;
;124;184;193;102;152;
;125;177;184;93;141;
;124;178;186;91;141;
;120;178;186;92;143;
;121;177;184;91;141;
;125;179;188;97;146;
;121;181;189;96;144;
;119;180;191;102;154;
;121;177;184;91;141;
;124;175;182;91;141;
;117;175;187;99;151;
;126;185;194;102;150;
;127;182;189;94;143;
;126;179;185;94;143;
;117;174;185;96;148;
;124;180;188;93;142;
;121;181;192;103;153;
;123;178;188;100;150;
;126;182;191;99;147;
;127;186;194;101;149;
;125;180;187;93;142;
;130;183;191;102;150;
;122;180;192;103;154;
;126;182;189;94;142;
;119;176;184;93;145;
;120;176;187;100;151;
;121;177;188;99;151;
;122;183;194;104;154;
;128;183;190;96;145;
;123;179;191;105;156;
;118;177;189;100;152;
;120;179;188;94;146;
;128;184;191;97;146;
;126;178;186;94;144;
;126;182;191;98;147;
;120;179;188;95;147;
;119;179;189;99;151;
;117;173;184;97;150;
;120;175;184;90;141;
;126;186;195;104;152;
;126;181;188;94;143;
;126;179;186;94;143;
;122;177;185;92;142;
;120;181;191;101;152;
;129;185;192;98;146;
;126;181;189;99;148;
;121;175;184;90;140;
;120;181;192;102;153;
;120;178;186;94;147;
;119;173;182;91;143;
;122;176;184;92;142;
;128;184;194;104;154;
;120;180;191;102;153;
;125;182;191;100;148;
;125;179;188;95;144;
;121;182;193;103;154;
;119;177;186;94;147;
;123;177;184;92;142;
;125;179;188;96;145;
;119;180;190;100;152;
;122;179;187;92;142;
;123;177;184;90;141;
;122;178;188;99;149;
;125;180;188;92;142;
;128;186;194;101;149;
;126;181;188;95;144;
;117;173;185;99;151;
;125;180;188;93;142;
;122;180;187;92;143;
;128;184;191;98;147;
;123;174;181;90;140;
;125;180;188;93;143;
;127;183;190;95;144;
;124;179;186;91;142;
;124;176;184;92;142;
;126;183;192;101;150;
;130;186;193;98;145;
;125;181;188;93;143;
;123;175;183;91;142;
;119;178;190;102;153;
;128;185;192;98;146;
;121;181;192;102;153;
;126;180;189;99;149;
;123;176;185;92;142;
;119;179;190;98;150;
;127;184;190;96;145;
;118;175;186;99;151;
;120;176;188;101;152;
;122;179;187;93;143;
;125;182;189;93;142;
;118;175;186;97;150;
;124;176;184;92;143;
;120;181;193;103;154;
;128;187;194;100;148;
;126;180;187;94;142;
;117;170;179;89;142;
;118;176;185;94;145;
;128;184;190;95;144;
;121;180;191;102;154;
;123;175;183;91;141;
;126;181;189;96;145;
;128;184;191;96;144;
;119;177;187;96;148;
;125;178;186;94;144;
;122;176;184;92;142;
;126;186;196;104;153;
;118;178;188;98;150;
;126;181;189;97;146;
;117;171;181;90;142;
;127;183;190;95;145;
;129;186;194;99;146;
;127;184;192;101;150;
;115;169;179;91;144;
;118;177;187;95;147;
;129;185;191;95;144;
;123;178;186;92;142;
;124;176;183;92;142;
;118;176;187;93;144;
;125;182;189;94;144;
;128;183;191;97;146;
;122;178;189;101;152;
;125;179;187;94;143;
;128;185;192;98;147;
;127;187;196;106;154;
;124;177;184;92;142;
;119;173;182;89;141;
;125;181;189;93;143;
;127;187;195;104;153;
;126;182;191;102;152;
;115;172;182;94;147;
;129;186;194;101;150;
;129;185;192;98;147;
;125;179;186;93;143;
;116;172;183;97;151;
;128;185;193;100;148;
;127;186;195;105;154;
;124;179;187;93;143;
;122;177;188;101;152;
;126;182;189;95;144;
;119;179;188;96;148;
;123;182;192;102;153;
;116;172;183;98;151;
;118;175;184;92;144;
;129;187;195;101;150;
;119;177;187;97;150;
;123;175;183;92;144;
;117;174;184;94;146;
;127;187;196;104;153;
;120;177;186;93;145;
;126;179;186;95;145;
;118;176;186;96;149;
;129;187;194;100;149;
;128;183;190;97;145;
;119;175;186;98;151;
;126;182;191;100;149;
;129;187;195;102;151;
;120;177;186;93;144;
;116;171;182;93;147;
;127;181;190;98;147;
;120;179;189;99;150;
;118;176;186;95;147;
;118;172;180;89;141;
;117;173;183;91;143;
;122;179;187;92;142;
;123;178;186;92;141;
;115;170;181;94;147;
;125;179;187;95;144;
;121;180;191;102;153;
;126;181;189;95;144;
;118;171;180;89;140;
;131;185;193;103;152;
;119;179;190;101;153;
;120;175;184;90;140;
;119;174;185;100;150;
;124;177;185;94;142;
;120;176;184;91;141;
;122;180;190;102;151;
;116;171;183;98;150;
;125;178;186;93;142;
;125;183;193;103;152;
;117;173;183;93;145;
;114;166;176;88;141;
;125;180;189;96;144;
;122;181;191;103;153;
;121;178;189;101;152;
;123;173;181;91;141;
;122;177;185;92;141;
;127;184;192;99;147;
;125;179;187;95;145;
;120;170;179;89;140;
;121;180;192;103;153;
;119;179;190;100;152;
;118;173;182;90;142;
;118;172;184;99;150;
;120;175;184;91;142;
;119;178;188;98;150;
;127;182;189;98;146;
;120;170;179;87;139;
;127;183;191;99;148;
;128;185;194;101;150;
;124;178;190;99;148;
;115;167;177;89;142;
;118;174;184;91;142;
;121;177;185;92;142;
;117;175;185;96;148;
;124;175;183;93;143;
;122;176;184;91;141;
;128;184;192;99;147;
;122;181;192;103;153;
;125;176;183;93;144;
;122;179;191;102;153;
;128;184;192;99;148;
;125;179;187;93;143;
;116;170;179;90;143;
;126;180;188;99;148;
;127;184;193;100;149;
;124;179;187;93;143;
;122;175;182;91;142;
;125;178;187;96;146;
;123;179;187;93;142;
;122;178;185;92;142;
;122;176;183;91;141;
;117;169;179;88;139;
;122;177;185;91;142;
;123;180;187;93;143;
;126;182;191;102;152;
;118;173;184;99;151;
;119;175;184;91;141;
;124;180;188;93;143;
;123;177;185;92;142;
;115;169;181;94;148;
;117;173;184;94;145;
;119;177;186;94;145;
;119;177;188;100;152;
;116;171;182;96;150;
;119;172;182;90;140;
;124;180;188;94;143;
;127;181;188;95;144;
;119;175;186;99;153;
;115;170;183;96;149;
;119;176;186;93;143;
;123;179;187;93;143;
;118;175;185;96;149;
;122;176;187;99;149;
;126;181;189;95;144;
;124;183;193;103;153;
;127;180;187;95;144;
;118;169;178;88;140;
;116;173;185;95;148;
;127;182;189;95;144;
;119;175;184;91;143;
;115;170;181;93;146;
;116;173;185;98;149;
;127;184;192;99;148;
;124;182;192;102;152;
;127;181;189;98;147;
;124;177;187;98;148;
;122;178;187;93;141;
;120;180;190;100;152;
;119;174;183;90;141;
;117;169;178;88;140;
;122;176;184;92;142;
;127;184;192;100;149;
;118;175;184;92;144;
;119;175;186;99;151;
;117;173;184;97;150;
;119;176;185;92;143;
;127;184;192;98;148;
;126;182;188;100;152;
;124;175;184;94;144;
;125;182;194;102;151;
;126;181;189;95;144;
;121;180;192;103;153;
;118;173;185;99;151;
;123;176;185;93;144;
;127;183;191;100;149;
;118;176;185;93;144;
;126;180;189;97;148;
;117;171;184;98;151;
;127;182;191;99;149;
;123;180;187;93;143;
;127;182;190;97;147;
;117;170;179;89;140;
;121;174;184;91;142;
;126;184;194;103;152;
;122;180;191;102;153;
;120;176;188;101;152;
;116;171;184;98;150;
;120;175;185;92;142;
;118;176;186;94;147;
;120;177;188;100;152;
;123;173;181;91;142;
;126;179;188;96;145;
;123;182;192;103;154;
;118;175;185;95;148;
;125;178;187;97;147;
;120;173;182;91;141;
;119;175;184;91;142;
;126;184;193;102;151;
;124;179;190;101;151;
;113;166;177;90;144;
;120;174;184;91;141;
;122;181;192;103;153;
;125;181;189;97;152;
;122;172;181;91;141;
;121;173;182;91;141;
;125;180;191;102;152;
;120;178;189;101;151;
;124;176;185;94;144;
;120;170;179;89;140;
;115;171;181;91;143;
;122;176;185;91;141;
;115;171;182;92;144;
;113;164;175;88;142;
;115;171;183;94;146;
;125;180;188;97;146;
;124;180;191;101;150;
;124;177;186;97;145;
;122;176;188;102;152;
;125;181;191;100;149;
;125;179;187;94;143;
;124;176;185;94;144;
;119;172;184;98;150;
;117;175;187;99;150;
;118;176;186;96;148;
;125;179;187;95;144;
;115;168;178;90;142;
;124;177;187;96;145;
;126;181;190;96;145;
;127;182;190;98;148;
;116;171;181;93;146;
;114;168;180;96;149;
;116;174;185;96;148;
;117;174;184;92;143;
;119;172;181;89;139;
;115;169;180;96;148;
;115;168;180;90;141;
;118;177;189;101;151;
;126;181;190;101;150;
;123;176;184;98;150;
;114;165;176;87;139;
;118;175;188;101;150;
;119;177;188;100;151;
;124;177;186;96;145;
;115;167;179;95;148;
;122;177;188;100;150;
;125;181;191;100;149;
;115;172;183;94;145;
;115;170;182;95;148;
;117;168;179;88;139;
;124;182;192;101;150;
;127;183;191;99;147;
;128;181;190;100;149;
;115;169;181;95;148;
;120;174;183;91;141;
;127;183;192;100;148;
;124;178;186;92;141;
;123;175;183;91;141;
;119;174;187;100;152;
;117;175;186;96;148;
;122;178;186;92;142;
;119;174;183;91;142;
;118;173;185;99;151;
;123;179;190;101;150;
;121;177;186;92;142;
;118;175;185;94;147;
;125;178;187;96;146;
;115;170;182;95;149;
;126;183;192;100;149;
;119;177;186;92;143;
;127;183;192;101;150;
;124;175;183;92;142;
;128;181;190;100;149;
;118;176;186;93;144;
;125;181;188;94;143;
;122;178;189;101;152;
;121;175;186;100;151;
;127;182;191;99;152;
;120;176;185;92;143;
;121;176;185;91;141;
;121;177;182;93;146;
;116;172;185;98;150;
;123;178;186;92;142;
;118;176;187;95;147;
;124;178;186;92;142;
;115;169;181;94;147;
;116;172;184;94;146;
;118;175;186;93;144;
;123;182;192;103;154;
;116;172;183;94;146;
;117;169;179;88;140;
;119;178;189;100;151;
;120;179;191;101;151;
;124;178;186;93;142;
;126;177;186;96;145;
;118;170;180;88;139;
;126;180;189;95;144;
;120;178;189;99;150;
;126;180;187;95;145;
;122;175;186;99;150;
;120;173;183;91;141;
;127;184;194;103;152;
;127;181;189;95;145;
;126;178;186;95;145;
;119;173;184;99;151;
;123;178;187;94;143;
;119;176;185;91;142;
;123;177;185;92;142;
;118;170;179;88;140;
;124;176;186;97;147;
;118;176;186;96;148;
;123;178;186;92;142;
;125;178;186;93;142;
;121;172;181;91;142;
;116;170;180;89;141;
;120;179;190;101;152;
;126;183;192;101;150;
;118;175;186;99;151;
;120;173;184;99;150;
;116;173;185;96;148;
;117;175;186;96;147;
;125;180;188;95;145;
;121;173;181;90;140;
;115;167;178;87;139;
;122;179;191;102;146;
;127;184;192;100;148;
;124;180;190;101;151;
;121;175;186;98;149;
;115;170;181;90;142;
;118;177;187;96;147;
;124;180;188;94;144;
;118;173;182;90;142;
;115;168;180;94;147;
;118;175;187;98;150;
;127;183;191;104;153;
;124;182;192;103;153;
;123;178;188;100;152;
;124;176;186;96;146;
;117;175;186;94;146;
;119;176;185;91;142;
;121;179;190;101;152;
;126;178;187;98;148;
;122;174;185;94;144;
;126;184;193;102;151;
;128;185;194;102;151;
;120;175;183;91;142;
;125;176;186;97;148;
;121;174;184;92;142;
;127;183;192;98;147;
;127;184;194;103;153;
;117;174;183;90;141;
;124;176;186;97;147;
;124;179;188;95;145;
;122;181;191;101;152;
;126;183;193;102;153;
;125;178;187;98;148;
;115;171;184;97;149;
;118;176;188;97;149;
;120;179;190;99;151;
;123;177;185;93;142;
;126;178;188;98;149;
;125;179;189;100;150;
;118;175;185;93;144;
;117;176;185;93;145;
;123;178;186;92;143;
;116;168;178;89;141;
;125;179;188;97;146;
;126;184;194;104;152;
;128;184;192;99;148;
;120;177;188;99;151;
;125;175;185;96;147;
;119;176;188;99;151;
;127;185;194;102;152;
;123;181;192;102;154;
;118;172;181;90;141;
;116;171;183;96;149;
;122;180;192;102;153;
;121;180;190;100;150;
;124;179;192;102;152;
;125;177;186;98;148;
;127;178;188;98;148;
;118;175;185;93;144;
;127;185;194;103;153;
;125;179;188;96;146;
;125;177;187;98;148;
;121;174;184;91;142;
;124;179;189;95;145;
;127;183;191;99;148;
;125;179;188;96;146;
;121;171;181;92;143;
;118;173;183;91;141;
;121;180;191;101;152;
;120;179;184;92;144;
;117;173;184;94;146;
;115;168;178;88;141;
;126;182;192;101;151;
;124;183;193;103;153;
;119;175;185;92;142;
;116;170;181;92;144;
;124;177;188;98;149;
;125;181;190;97;146;
;119;177;186;92;142;
;126;182;191;101;151;
;114;168;178;89;142;
;123;177;186;94;144;
;125;181;190;96;145;
;121;178;186;92;142;
;122;176;185;92;143;
;122;172;180;91;142;
;119;174;184;91;141;
;118;176;187;95;146;
;129;184;193;102;152;
;125;178;186;95;145;
;124;175;185;95;146;
;124;179;188;95;145;
;119;176;185;92;142;
;126;181;189;96;146;
;118;171;181;89;141;
;122;176;188;101;152;
;119;177;189;99;150;
;127;183;192;98;147;
;127;183;192;102;152;
;120;172;181;91;141;
;117;173;185;96;148;
;128;184;193;101;150;
;127;183;191;97;146;
;117;174;183;92;143;
;123;174;184;95;145;
;118;173;183;95;146;
;126;183;192;99;148;
;118;176;185;93;144;
;121;174;183;92;143;
;124;176;185;97;148;
;115;172;183;92;143;
;118;175;185;91;143;
;125;182;192;102;153;
;123;176;185;94;144;
;122;173;183;94;145;
;117;174;184;92;142;
;118;177;188;96;146;
;118;175;185;92;143;
;119;172;180;89;140;
;118;170;180;89;140;
;118;174;184;91;141;
;127;185;194;103;152;
;119;175;183;90;141;
;116;170;179;90;141;
;124;178;188;100;150;
;118;176;187;96;146;
;126;182;190;97;147;
;127;181;190;99;149;
;120;172;181;90;142;
;125;178;189;100;150;
;125;180;189;97;146;
;123;180;190;100;151;
;119;176;187;97;149;
;117;168;178;88;139;
;124;178;189;100;150;
;121;180;186;93;143;
;128;184;193;102;151;
;119;174;183;91;141;
;113;166;178;90;142;
;121;175;186;94;144;
;118;176;186;94;145;
;117;174;184;92;142;
;117;173;184;95;146;
;114;166;177;89;140;
;126;181;191;102;151;
;119;176;186;92;142;
;122;178;186;94;144;
;117;172;183;95;147;
;114;168;179;91;144;
;118;173;183;90;141;
;128;184;193;102;152;
;117;174;184;93;145;
;119;172;181;90;140;
;124;177;188;100;150;
;125;182;192;103;153;
;120;176;185;91;141;
;125;182;192;105;153;
;120;175;186;99;151;
;119;172;182;91;142;
;119;175;184;91;141;
;119;177;187;96;147;
;127;181;190;99;150;
;124;176;186;98;149;
;122;178;189;101;152;
;119;177;188;97;147;
;127;183;192;101;150;
;120;174;182;90;141;
;120;170;181;91;142;
;121;175;185;91;141;
;120;180;191;101;152;
;128;183;192;101;151;
;118;171;181;90;141;
;118;169;179;89;140;
;120;178;190;101;152;
;121;177;187;93;143;
;126;183;192;101;151;
;123;175;185;94;144;
;124;177;187;98;148;
;126;181;190;96;146;
;127;184;194;101;151;
;126;182;192;102;152;
;118;170;179;90;141;
;117;173;185;97;149;
;118;176;186;92;143;
;122;178;187;93;144;
;120;174;183;91;142;
;119;170;179;89;142;
;122;178;190;102;153;
;124;182;193;103;154;
;118;176;185;93;145;
;126;179;188;98;149;
;115;169;181;95;147;
;119;177;189;100;151;
;117;176;186;95;146;
;127;184;193;102;151;
;120;173;182;91;142;
;124;175;185;97;148;
;125;179;188;96;145;
;121;180;191;102;152;
;126;183;192;101;151;
;122;177;188;101;152;
;124;177;188;98;149;
;123;179;188;96;146;
;118;176;187;96;147;
;126;182;191;101;152;
;123;177;188;101;152;
;122;177;189;101;152;
;125;180;189;96;146;
;118;175;185;91;142;
;121;177;189;100;152;
;117;169;178;89;140;
;124;177;188;98;148;
;124;182;193;103;153;
;126;181;190;98;148;
;123;177;186;94;145;
;120;174;185;99;151;
;117;172;184;92;142;
;118;175;185;93;143;
;125;182;190;97;147;
;124;180;190;101;152;
;115;169;181;94;146;
;117;174;185;95;146;
;124;180;189;96;146;
;120;176;185;92;142;
;126;180;189;99;149;
;118;171;183;97;150;
;126;180;190;99;150;
;126;182;191;98;148;
;127;182;191;99;149;
;123;175;185;95;145;
;123;175;185;97;147;
;115;171;182;91;142;
;125;179;189;96;146;
;125;181;190;101;151;
;119;173;185;98;149;
;121;171;182;94;145;
;125;180;191;102;152;
;121;176;185;92;143;
;122;179;190;101;151;
;114;168;179;91;144;
;114;167;180;88;139;
;123;177;188;96;146;
;126;183;193;103;152;
;127;181;190;99;149;
;115;169;180;92;144;
;123;174;185;96;147;
;119;174;184;92;142;
;129;185;194;101;149;
;124;178;187;95;144;
;116;171;182;94;146;
;121;172;182;91;142;
;123;178;188;95;144;
;127;184;193;103;152;
;123;178;187;95;145;
;125;178;187;98;148;
;113;166;178;88;140;
;127;182;192;101;150;
;124;180;190;97;146;
;126;180;189;96;146;
;117;172;183;95;146;
;120;171;181;91;142;
;126;181;192;102;151;
;126;182;191;98;147;
;128;182;191;99;148;
;122;178;188;101;152;
;118;172;184;98;150;
;121;175;185;92;142;
;123;179;188;94;144;
;127;183;191;100;149;
;123;177;186;94;145;
;117;170;182;96;149;
;122;177;188;100;151;
;123;178;187;94;143;
;121;179;190;101;152;
;124;177;186;94;144;
;122;175;186;100;151;
;120;172;183;91;141;
;124;179;188;96;145;
;126;184;194;103;152;
;123;178;187;101;152;
;115;169;179;90;141;
;115;168;179;89;140;
;119;175;184;92;142;
;123;179;188;95;144;
;119;174;184;91;141;
;126;179;188;99;149;
;119;170;180;91;142;
;117;174;186;96;148;
;126;181;190;98;147;
;123;181;192;103;153;
;125;179;189;99;148;
;114;167;177;88;139;
;124;180;190;101;150;
;117;175;186;95;146;
;120;176;185;92;141;
;117;174;184;95;145;
;124;174;184;94;144;
;124;176;187;96;146;
;121;176;185;91;141;
;118;176;185;92;143;
;119;177;188;98;149;
;117;169;179;88;140;
;119;173;185;97;149;
;124;181;192;103;153;
;126;182;190;98;147;
;118;175;185;95;146;
;116;171;181;92;144;
;114;167;179;90;142;
;122;179;191;102;153;
;125;180;189;96;145;
;122;180;191;102;153;
;117;173;184;95;147;
;123;175;186;99;149;
;120;176;186;97;148;
;124;179;188;95;144;
;117;174;184;92;143;
;125;179;189;100;150;
;124;174;185;97;148;
;118;175;187;98;150;
;127;183;192;101;150;
;124;181;191;95;147;
;125;178;187;96;147;
;121;171;181;93;144;
;117;171;181;90;140;
;117;173;184;92;142;
;117;174;185;93;144;
;121;177;188;100;151;
;116;170;181;95;147;
;124;177;188;99;149;
;126;182;191;100;149;
;123;178;187;94;144;
;125;181;191;101;151;
;123;175;184;95;146;
;122;177;189;101;152;
;117;176;187;96;148;
;123;182;192;101;151;
;117;174;184;92;142;
;122;173;183;94;144;
;124;178;188;97;147;
;118;176;187;96;146;
;124;180;188;95;144;
;127;182;191;100;150;
;116;169;179;88;139;
;117;171;184;93;143;
;122;179;188;94;143;
;126;184;194;104;153;
;119;174;183;91;141;
;124;175;184;93;144;
;116;172;185;96;148;
;125;183;194;103;153;
;126;182;191;99;149;
;120;178;189;100;151;
;124;176;186;97;148;
;118;173;185;97;149;
;117;177;186;93;142;
;121;180;190;100;151;
;125;182;192;103;153;
;116;170;179;89;141;
;124;177;188;99;149;
;118;177;188;92;143;
;125;180;189;95;146;
;124;178;187;95;144;
;114;168;178;90;142;
;119;171;182;92;142;
;117;175;188;98;149;
;118;174;184;91;141;
;125;181;192;102;152;
;124;175;185;96;147;
;119;173;185;99;150;
;116;172;183;91;142;
;118;174;184;90;141;
;121;178;189;101;151;
;124;176;186;97;148;
;113;165;177;88;140;
;122;177;189;94;145;
;117;175;187;96;147;
;120;175;184;92;141;
;125;178;187;97;147;
;122;173;184;98;149;
;121;175;185;94;144;
;125;180;192;103;152;
;123;177;187;95;145;
;114;169;180;90;141;
;125;175;185;98;148;
;121;175;184;93;142;
;121;178;187;94;144;
;126;180;189;97;147;
;123;179;190;102;153;
;114;167;179;92;144;
;117;173;186;97;149;
;122;180;191;102;153;
;128;184;194;104;154;
;126;181;191;102;153;
;124;175;186;99;150;
;124;177;187;96;146;
;123;179;189;97;146;
;123;179;188;96;146;
;122;179;190;102;153;
;124;175;185;95;146;
;123;179;190;102;152;
;117;175;186;94;145;
;127;185;195;105;153;
;119;174;183;91;142;
;124;176;185;96;147;
;124;177;188;100;151;
;117;175;186;93;142;
;124;180;190;97;147;
;126;180;189;98;148;
;125;179;189;101;152;
;114;168;180;88;140;
;123;179;188;96;145;
;127;183;193;101;151;
;126;183;193;103;154;
;119;173;182;91;141;
;123;176;186;96;147;
;125;180;191;102;151;
;128;184;193;102;151;
;117;175;184;91;141;
;120;174;184;92;142;
;119;170;180;91;142;
;122;178;189;101;151;
;117;175;186;93;143;
;124;181;190;96;146;
;125;181;191;102;153;
;124;176;185;97;148;
;124;178;189;101;152;
;126;182;191;100;150;
;124;180;188;95;144;
;124;179;188;96;147;
;116;170;179;89;140;
;123;175;187;100;149;
;118;176;187;97;148;
;126;183;193;103;154;
;127;183;192;100;150;
;123;176;186;96;147;
;118;170;180;91;143;
;123;179;191;101;152;
;124;179;189;96;146;
;127;183;192;100;149;
;126;180;189;99;149;
;115;169;180;91;143;
;118;171;182;90;142;
;120;178;189;99;150;
;124;181;192;101;151;
;127;183;192;103;153;
;115;170;181;91;142;
;122;175;187;101;152;
;117;172;183;91;142;
;118;176;186;93;143;
;127;182;190;98;149;
;126;180;189;100;150;
;123;176;187;100;151;
;122;176;186;94;144;
;127;183;193;103;153;
;127;183;193;101;151;
;118;175;185;93;144;
;114;169;179;90;141;
;114;168;179;89;141;
;126;182;192;101;151;
;118;176;187;95;146;
;124;181;192;103;153;
;124;178;189;101;152;
;115;167;178;89;140;
;117;172;183;91;140;
;127;184;194;104;153;
;127;183;192;102;152;
;122;176;185;93;143;
;122;174;183;95;146;
;125;178;189;100;150;
;126;182;192;102;152;
;127;183;193;102;152;
;118;174;183;91;142;
;120;175;185;97;148;
;124;176;187;100;151;
;118;175;186;95;145;
;118;175;185;92;143;
;127;183;193;103;152;
;118;174;185;94;146;
;114;167;178;89;141;
;125;179;190;101;151;
;118;176;186;93;144;
;127;183;193;102;152;
;127;181;190;100;149;
;124;177;187;100;151;
;116;170;181;91;142;
;124;181;192;103;153;
;119;176;185;92;142;
;122;178;187;95;146;
;124;178;189;101;152;
;114;167;179;89;140;
;117;174;184;92;142;
;127;184;194;102;150;
;126;182;191;99;148;
;117;172;182;91;141;
;122;175;186;99;151;
;125;179;189;100;150;
;126;181;191;99;148;
;127;183;192;99;149;
;122;177;186;95;146;
;124;176;186;98;149;
;114;168;181;90;141;
;118;174;185;92;142;
;128;184;193;102;152;
;125;181;190;103;153;
;119;174;185;98;149;
;120;174;186;98;150;
;119;174;185;92;142;
;124;182;192;102;153;
;126;182;192;102;153;
;119;173;182;92;143;
;123;175;186;100;151;
;121;175;185;92;142;
;118;175;185;92;142;
;128;183;192;101;151;
;117;173;183;93;144;
;120;173;185;98;150;
;123;178;189;101;152;
;125;182;193;103;153;
;126;183;193;103;154;
;121;177;188;98;149;
;124;177;187;99;150;
;113;168;180;90;142;
;123;178;188;96;146;
;123;181;191;100;150;
;124;179;189;97;147;
;121;175;186;98;149;
;119;170;181;92;144;
;121;175;186;96;146;
;117;173;183;89;139;
;115;172;182;90;141;
;124;177;187;98;149;
;114;166;178;93;145;
;118;173;185;98;149;
;115;172;185;94;144;
;118;175;185;94;145;
;116;170;180;89;140;
;121;171;181;93;145;
;117;172;185;97;149;
;118;174;184;90;141;
;125;181;191;100;150;
;122;176;186;96;147;
;113;164;175;86;138;
;121;174;184;95;145;
;116;172;182;89;140;
;123;180;191;101;152;
;123;178;188;100;151;
;115;168;180;91;143;
;116;170;182;93;145;
;117;172;184;92;141;
;122;176;186;94;144;
;118;173;183;92;142;
;124;176;186;98;149;
;118;168;180;91;141;
;119;176;188;99;150;
;124;180;192;102;152;
;123;177;187;95;146;
;123;176;187;99;150;
;113;164;176;87;138;
;117;171;182;90;141;
;117;173;183;90;141;
;121;177;188;98;149;
;123;178;189;100;152;
;115;167;180;93;145;
;113;167;179;89;140;
;121;177;187;98;148;
;117;175;186;94;144;
;122;177;188;100;151;
;118;171;183;95;146;
;112;165;177;88;139;
;122;176;187;96;147;
;121;177;187;95;145;
;124;179;189;99;150;
;115;169;180;89;140;
;121;172;184;98;149;
;115;170;181;90;141;
;122;176;187;95;146;
;122;177;187;96;146;
;114;169;180;88;139;
;115;167;178;88;140;
;121;173;185;97;148;
;124;179;190;100;150;
;125;181;192;102;154;
;123;177;187;95;147;
;122;175;186;98;149;
;113;164;175;86;139;
;116;170;181;90;141;
;119;175;185;92;142;
;119;175;185;93;143;
;118;174;186;97;148;
;116;168;179;97;148;
;122;174;185;96;147;
;122;178;189;100;150;
;117;174;186;96;144;
;124;179;190;101;151;
;124;177;188;99;145;
;113;166;178;92;143;
;123;177;189;101;151;
;121;176;186;94;145;
;117;173;184;91;142;
;123;177;188;99;149;
;121;173;184;96;148;
;121;174;185;98;150;
;124;179;190;100;151;
;124;180;190;101;151;
;124;179;189;101;151;
;123;176;187;99;150;
;116;167;178;89;140;
;117;171;182;91;141;
;123;178;188;96;147;
;122;177;187;96;146;
;124;178;188;99;150;
;114;166;177;87;139;
;121;174;187;99;150;
;123;179;190;101;150;
;123;178;188;96;147;
;115;171;182;90;141;
;115;169;179;88;139;
;118;169;180;93;144;
;122;176;187;99;149;
;118;174;185;92;142;
;116;173;184;92;141;
;120;174;184;94;144;
;113;166;177;88;140;
;116;169;180;90;141;
;118;174;184;92;143;
;117;174;185;92;141;
;117;173;183;91;141;
;122;176;187;98;149;
;113;165;176;87;138;
;118;173;185;93;142;
;123;179;189;97;147;
;124;180;189;98;148;
;124;179;189;101;152;
;114;167;178;88;140;
;123;175;186;97;148;
;116;173;184;92;143;
;125;181;191;101;151;
;120;177;187;97;148;
;116;170;180;89;140;
;112;164;176;88;140;
;120;174;185;95;146;
;118;174;184;91;141;
;123;178;188;96;147;
;124;178;188;99;149;
;116;171;182;94;145;
;114;167;179;88;140;
;124;179;190;100;150;
;119;177;188;96;147;
;126;181;191;101;151;
;125;178;189;101;151;
;117;168;178;90;141;
;122;175;187;96;146;
;126;182;192;101;150;
;117;174;184;92;142;
;121;176;185;94;144;
;118;169;179;89;140;
;114;167;179;90;141;
;118;173;184;92;142;
;126;182;192;101;151;
;126;182;192;101;151;
;124;178;188;98;149;
;115;167;177;88;139;
;115;168;179;88;139;
;122;177;187;95;144;
;115;173;184;91;141;
;125;179;189;98;148;
;115;169;179;89;139;
;118;170;183;96;148;
;120;173;184;94;144;
;116;173;184;90;140;
;124;179;189;98;148;
;123;178;184;95;146;
;122;174;185;97;148;
;112;164;177;88;140;
;119;173;184;94;144;
;118;174;185;93;143;
;124;179;189;99;149;
;115;170;181;90;141;
;120;170;181;94;145;
;113;166;179;90;141;
;121;177;188;99;149;
;116;172;183;91;141;
;121;177;189;100;150;
;114;168;179;88;138;
;118;170;182;95;147;
;122;174;186;99;150;
;123;179;190;101;151;
;122;179;190;99;149;
;124;179;190;100;150;
;114;167;178;88;139;
;112;164;175;87;139;
;114;168;179;88;139;
;119;176;187;96;146;
;124;179;189;99;149;
;120;175;186;96;146;
;120;174;185;98;149;
;121;171;183;97;149;
;114;169;180;89;140;
;124;180;191;101;151;
;118;172;183;91;141;
;118;171;182;93;143;
;113;164;175;87;138;
;110;162;175;89;139;
;114;168;180;91;142;
;124;178;189;101;150;
;122;177;188;99;149;
;113;166;177;87;138;
;120;170;181;96;148;
;116;166;178;90;141;
;115;169;180;90;141;
;119;173;184;94;144;
;123;176;187;99;149;
;119;171;182;94;145;
;118;168;179;95;146;
;115;167;180;93;144;
;114;168;179;89;138;
;122;176;188;99;149;
;122;175;186;98;149;
;121;172;184;98;148;
;111;161;174;89;140;
;115;166;178;88;139;
;120;174;185;96;145;
;123;177;188;98;148;
;113;167;178;87;139;
;113;164;175;86;137;
;115;164;176;89;140;
;120;173;185;99;149;
;120;176;188;100;149;
;122;176;186;96;145;
;114;168;179;89;140;
;118;168;179;91;143;
;111;161;174;85;136;
;118;172;184;95;145;
;122;176;187;97;147;
;123;178;188;99;148;
;115;169;180;91;142;
;119;170;181;94;146;
;111;163;175;85;137;
;122;175;188;100;149;
;118;174;185;95;145;
;116;171;181;90;141;
;123;175;186;98;149;
;121;171;183;96;147;
;120;171;184;98;149;
;118;173;185;95;145;
;117;173;184;94;144;
;122;176;187;97;148;
;122;174;185;98;149;
;117;168;181;96;147;
;114;167;180;92;143;
;123;177;188;99;148;
;121;176;186;96;145;
;118;174;185;96;146;
;114;167;179;91;142;
;111;161;173;85;136;
;117;168;180;92;143;
;117;172;184;94;144;
;120;173;184;92;143;
;118;171;182;92;142;
;121;172;183;97;147;
;120;169;181;95;148;
;120;172;184;95;146;
;114;168;179;88;138;
;123;177;188;99;149;
;118;172;187;98;148;
;119;172;184;97;148;
;112;161;173;85;137;
;112;164;176;86;137;
;121;174;185;95;145;
;115;170;180;89;139;
;116;170;180;89;140;
;120;172;183;95;145;
;112;163;176;90;142;
;117;171;183;88;138;
;116;170;181;89;139;
;124;178;189;100;152;
;113;167;178;87;137;
;112;164;175;86;137;
;114;163;175;89;140;
;118;170;181;93;144;
;116;171;183;93;143;
;116;171;182;90;140;
;116;171;182;93;143;
;121;173;184;98;149;
;113;164;177;92;143;
;118;171;182;94;144;
;118;171;182;91;140;
;123;177;187;98;148;
;114;168;179;89;139;
;113;165;177;89;140;
;112;162;174;86;138;
;117;168;180;92;141;
;122;176;188;100;150;
;124;178;189;101;150;
;117;171;183;93;143;
;121;173;184;98;149;
;113;162;173;86;138;
;112;164;176;87;138;
;122;176;188;100;150;
;120;174;185;95;145;
;122;175;186;97;147;
;122;173;183;96;146;
;110;160;172;85;137;
;120;171;182;95;145;
;121;174;186;97;147;
;115;170;181;90;140;
;115;170;180;90;140;
;116;170;181;93;144;
;114;166;179;94;145;
;120;171;183;98;149;
;115;169;181;90;141;
;121;176;188;98;147;
;121;176;187;98;149;
;122;176;187;99;149;
;114;166;178;92;143;
;111;161;174;86;137;
;117;170;181;90;141;
;114;170;182;91;140;
;122;177;188;99;149;
;119;171;182;92;143;
;121;172;183;97;149;
;120;168;181;96;148;
;113;165;178;87;138;
;123;176;187;98;148;
;115;170;182;91;142;
;118;171;182;93;143;
;121;172;182;95;146;
;121;169;181;96;148;
;118;170;186;100;150;
;121;175;187;98;148;
;123;178;189;100;150;
;119;172;183;93;143;
;121;172;183;95;145;
;116;165;177;91;143;
;116;167;179;91;143;
;126;179;191;103;152;
;119;173;184;92;142;
;124;176;187;98;148;
;123;174;185;98;148;
;115;165;177;92;143;
;120;171;184;97;148;
;117;170;182;93;143;
;115;170;180;89;139;
;114;169;180;90;140;
;118;170;180;90;141;
;111;161;173;85;136;
;118;169;182;95;146;
;123;176;188;100;149;
;115;170;181;89;139;
;116;170;181;91;141;
;114;166;178;88;138;
;120;169;180;94;145;
;121;172;184;98;149;
;118;172;183;94;144;
;118;173;184;93;143;
;123;178;189;101;151;
;122;175;186;99;150;
;121;170;182;98;149;
;114;166;178;88;140;
;116;171;182;91;142;
;119;174;186;97;147;
;119;173;184;95;145;
;121;173;184;95;148;
;117;168;180;94;145;
;117;171;183;96;147;
;124;178;190;102;152;
;123;178;188;98;148;
;117;172;182;93;143;
;123;174;185;99;150;
;111;161;174;86;137;
;118;172;185;97;148;
;125;179;190;102;152;
;123;177;188;99;150;
;117;171;182;92;142;
;119;172;184;98;149;
;112;163;175;86;138;
;119;172;184;94;145;
;117;172;183;91;142;
;124;179;189;100;150;
;118;172;183;95;146;
;117;168;180;95;147;
;121;173;185;99;151;
;115;170;182;90;140;
;115;171;182;90;141;
;119;173;183;92;143;
;122;174;185;98;149;
;121;170;182;97;149;
;121;173;184;96;148;
;123;178;188;99;149;
;122;178;183;93;143;
;123;177;188;100;151;
;116;167;178;89;141;
;110;161;174;85;138;
;119;174;186;98;148;
;122;176;186;95;145;
;116;171;182;90;141;
;116;169;179;89;141;
;122;171;181;96;147;
;114;165;177;88;146;
;115;164;176;85;135;
;119;174;185;97;147;
;119;173;182;90;141;
;117;168;179;91;142;
;114;163;174;86;139;
;117;170;182;93;143;
;108;165;176;84;135;
;120;174;184;95;145;
;119;171;181;92;143;
;118;168;179;93;145;
;118;170;182;95;146;
;122;176;187;98;148;
;119;173;184;95;145;
;120;173;184;96;149;
;110;162;174;85;136;
;117;167;179;93;145;
;114;168;179;89;139;
;116;171;182;92;142;
;119;173;184;94;144;
;116;168;179;89;140;
;116;165;177;91;143;
;119;171;183;95;146;
;111;166;177;87;136;
;120;175;186;97;147;
;110;164;175;85;136;
;115;166;177;89;140;
;118;167;180;94;146;
;112;165;176;86;137;
;117;173;184;95;145;
;123;178;188;98;148;
;120;172;183;96;147;
;110;160;173;85;138;
;109;161;174;85;136;
;120;174;185;96;147;
;115;170;180;88;138;
;120;173;184;95;146;
;119;171;182;95;147;
;112;162;174;87;139;
;117;170;182;93;143;
;118;173;184;94;144;
;115;170;182;90;141;
;121;174;185;97;148;
;118;169;181;95;146;
;115;166;178;92;144;
;119;173;185;96;146;
;121;176;187;98;148;
;119;172;183;93;144;
;121;173;183;96;146;
;119;168;180;95;146;
;113;166;178;90;142;
;112;166;178;86;137;
;121;176;187;99;149;
;116;170;181;91;142;
;111;164;175;85;136;
;109;158;171;83;135;
;117;170;182;94;144;
;116;170;181;89;139;
;121;176;187;99;149;
;112;165;176;87;139;
;111;163;174;85;137;
;109;160;173;85;136;
;120;173;185;97;147;
;120;174;185;95;145;
;117;171;182;91;142;
;113;165;176;86;137;
;111;161;173;85;137;
;114;166;178;90;142;
;117;170;181;91;142;
;122;176;187;98;148;
;121;176;187;98;148;
;118;170;181;93;145;
;110;161;175;85;136;
;121;172;184;97;148;
;115;170;181;89;139;
;114;169;180;88;139;
;113;167;178;88;139;
;112;165;177;88;139;
;115;165;177;92;143;
;111;164;177;87;138;
;123;177;188;99;150;
;122;176;186;96;148;
;118;170;181;91;143;
;111;163;174;85;137;
;120;169;181;95;146;
;121;173;186;97;148;
;114;169;180;88;138;
;121;176;187;98;149;
;113;167;177;86;137;
;113;164;176;89;140;
;117;169;182;95;145;
;122;175;187;98;148;
;115;171;182;90;140;
;121;176;187;98;149;
;122;173;184;95;146;
;117;167;178;92;143;
;113;166;178;88;140;
;122;176;187;98;149;
;120;174;185;95;146;
;113;168;180;89;139;
;119;169;180;91;143;
;111;161;174;86;138;
;121;173;184;96;147;
;123;176;188;99;150;
;123;177;189;100;150;
;122;174;185;96;148;
;121;171;182;96;147;
;119;169;181;96;147;
